Team1,Team2,Map,Result
Nongshim RedForce,Rex Regum Qeon,Ascent,0
Nongshim RedForce,Rex Regum Qeon,Split,1
Nongshim RedForce,Rex Regum Qeon,Pearl,1
Sentinels,100 Thieves,Pearl,1
Sentinels,100 Thieves,Haven,0
Sentinels,100 Thieves,Split,1
2Game Esports,Evil Geniuses,Haven,0
2Game Esports,Evil Geniuses,Lotus,0
Bilibili Gaming,JDG Esports,Pearl,1
Bilibili Gaming,JDG Esports,Icebox,0
Bilibili Gaming,JDG Esports,Fracture,1
TALON,Team Secret,Pearl,0
TALON,Team Secret,Fracture,1
TALON,Team Secret,Haven,1
Titan Esports Club,Dragon Ranger Gaming,Lotus,0
Titan Esports Club,Dragon Ranger Gaming,Fracture,1
Titan Esports Club,Dragon Ranger Gaming,Icebox,1
DRX,Paper Rex,Haven,1
DRX,Paper Rex,Icebox,0
DRX,Paper Rex,Lotus,1
MIBR,LEVIATÁN,Split,1
MIBR,LEVIATÁN,Icebox,1
G2 Esports,FURIA,Lotus,1
G2 Esports,FURIA,Ascent,1
Wolves Esports,Trace Esports,Fracture,1
Wolves Esports,Trace Esports,Pearl,1
T1,ZETA DIVISION,Fracture,1
T1,ZETA DIVISION,Split,0
T1,ZETA DIVISION,Haven,1
Xi Lai Gaming,All Gamers,Fracture,1
Xi Lai Gaming,All Gamers,Lotus,1
DetonatioN FocusMe,Global Esports,Lotus,0
DetonatioN FocusMe,Global Esports,Pearl,0
KRÜ Esports,LOUD,Fracture,0
KRÜ Esports,LOUD,Haven,1
KRÜ Esports,LOUD,Split,1
Cloud9,NRG Esports,Lotus,0
Cloud9,NRG Esports,Fracture,1
Cloud9,NRG Esports,Pearl,1
TYLOO,FunPlus Phoenix,Pearl,0
TYLOO,FunPlus Phoenix,Icebox,1
TYLOO,FunPlus Phoenix,Haven,0
Nova Esports,EDward Gaming,Ascent,1
Nova Esports,EDward Gaming,Fracture,1
FunPlus Phoenix,Titan Esports Club,Icebox,1
FunPlus Phoenix,Titan Esports Club,Haven,1
JDG Esports,Wolves Esports,Pearl,0
JDG Esports,Wolves Esports,Haven,0
TYLOO,EDward Gaming,Fracture,0
TYLOO,EDward Gaming,Haven,0
Dragon Ranger Gaming,Nova Esports,Fracture,1
Dragon Ranger Gaming,Nova Esports,Lotus,1
Trace Esports,All Gamers,Pearl,1
Trace Esports,All Gamers,Lotus,0
Trace Esports,All Gamers,Split,1
Xi Lai Gaming,Bilibili Gaming,Pearl,1
Xi Lai Gaming,Bilibili Gaming,Icebox,0
Xi Lai Gaming,Bilibili Gaming,Fracture,0
G2 Esports,T1,Lotus,1
G2 Esports,T1,Haven,0
G2 Esports,T1,Abyss,1
G2 Esports,T1,Split,0
G2 Esports,T1,Pearl,0
EDward Gaming,T1,Bind,0
EDward Gaming,T1,Haven,0
EDward Gaming,T1,Fracture,1
EDward Gaming,T1,Split,0
T1,Team Vitality,Lotus,0
T1,Team Vitality,Haven,1
T1,Team Vitality,Split,1
EDward Gaming,G2 Esports,Lotus,0
EDward Gaming,G2 Esports,Split,0
Team Vitality,G2 Esports,Bind,0
Team Vitality,G2 Esports,Lotus,0
EDward Gaming,T1,Split,1
EDward Gaming,T1,Bind,0
EDward Gaming,T1,Pearl,1
G2 Esports,Team Liquid,Haven,1
G2 Esports,Team Liquid,Lotus,1
T1,DRX,Fracture,1
T1,DRX,Pearl,1
Team Liquid,Sentinels,Lotus,0
Team Liquid,Sentinels,Abyss,1
Team Liquid,Sentinels,Bind,1
T1,Trace Esports,Lotus,1
T1,Trace Esports,Haven,1
EDward Gaming,G2 Esports,Pearl,0
EDward Gaming,G2 Esports,Bind,1
EDward Gaming,G2 Esports,Fracture,1
DRX,Team Vitality,Bind,0
DRX,Team Vitality,Abyss,1
DRX,Team Vitality,Split,0
G2 Esports,Trace Esports,Lotus,1
G2 Esports,Trace Esports,Abyss,1
Team Vitality,T1,Fracture,1
Team Vitality,T1,Bind,1
DRX,Sentinels,Lotus,1
DRX,Sentinels,Haven,1
EDward Gaming,Team Liquid,Split,1
EDward Gaming,Team Liquid,Pearl,1
Nova Esports,Wolves Esports,Abyss,1
Nova Esports,Wolves Esports,Split,1
Nova Esports,Wolves Esports,Pearl,1
Bilibili Gaming,JDG Esports,Abyss,1
Bilibili Gaming,JDG Esports,Pearl,1
Bilibili Gaming,JDG Esports,Lotus,1
Wolves Esports,JDG Esports,Abyss,1
Wolves Esports,JDG Esports,Haven,1
Bilibili Gaming,Nova Esports,Split,0
Bilibili Gaming,Nova Esports,Pearl,0
Xi Lai Gaming,JDG Esports,Abyss,0
Xi Lai Gaming,JDG Esports,Lotus,0
Dragon Ranger Gaming,Wolves Esports,Haven,0
Dragon Ranger Gaming,Wolves Esports,Split,1
Dragon Ranger Gaming,Wolves Esports,Lotus,0
FunPlus Phoenix,Nova Esports,Split,0
FunPlus Phoenix,Nova Esports,Lotus,0
Bilibili Gaming,TYLOO,Abyss,1
Bilibili Gaming,TYLOO,Pearl,1
Team Vitality,Team Liquid,Split,0
Team Vitality,Team Liquid,Haven,0
Team Vitality,Team Liquid,Lotus,1
Team Vitality,Team Liquid,Bind,1
Team Vitality,Team Liquid,Fracture,1
JDG Esports,EDward Gaming,Pearl,1
JDG Esports,EDward Gaming,Split,1
Wolves Esports,Titan Esports Club,Pearl,1
Wolves Esports,Titan Esports Club,Fracture,1
DRX,T1,Abyss,1
DRX,T1,Lotus,0
DRX,T1,Fracture,1
DRX,T1,Bind,0
DRX,T1,Split,1
G2 Esports,Sentinels,Split,0
G2 Esports,Sentinels,Pearl,1
G2 Esports,Sentinels,Abyss,0
G2 Esports,Sentinels,Fracture,1
G2 Esports,Sentinels,Haven,1
Team Heretics,Team Liquid,Lotus,0
Team Heretics,Team Liquid,Abyss,0
Team Heretics,Team Liquid,Fracture,0
Nova Esports,Trace Esports,Lotus,0
Nova Esports,Trace Esports,Bind,1
Nova Esports,Trace Esports,Split,1
TYLOO,All Gamers,Pearl,1
TYLOO,All Gamers,Abyss,1
Sentinels,MIBR,Lotus,1
Sentinels,MIBR,Abyss,1
Sentinels,MIBR,Pearl,0
Sentinels,MIBR,Split,1
FUT Esports,Team Liquid,Abyss,0
FUT Esports,Team Liquid,Bind,1
FUT Esports,Team Liquid,Haven,0
Team Vitality,Team Heretics,Haven,1
Team Vitality,Team Heretics,Abyss,1
T1,DRX,Lotus,1
T1,DRX,Haven,0
T1,DRX,Fracture,0
MIBR,KRÜ Esports,Bind,0
MIBR,KRÜ Esports,Abyss,1
MIBR,KRÜ Esports,Split,1
Sentinels,G2 Esports,Abyss,0
Sentinels,G2 Esports,Pearl,0
LOUD,KRÜ Esports,Bind,0
LOUD,KRÜ Esports,Haven,0
LEVIATÁN,MIBR,Lotus,1
LEVIATÁN,MIBR,Pearl,0
LEVIATÁN,MIBR,Split,0
TALON,Nongshim RedForce,Lotus,0
TALON,Nongshim RedForce,Bind,1
TALON,Nongshim RedForce,Split,1
NRG Esports,KRÜ Esports,Abyss,0
NRG Esports,KRÜ Esports,Haven,1
NRG Esports,KRÜ Esports,Bind,0
Evil Geniuses,MIBR,Abyss,0
Evil Geniuses,MIBR,Split,0
DetonatioN FocusMe,Paper Rex,Abyss,1
DetonatioN FocusMe,Paper Rex,Pearl,1
Nongshim RedForce,Rex Regum Qeon,Fracture,0
Nongshim RedForce,Rex Regum Qeon,Lotus,1
Nongshim RedForce,Rex Regum Qeon,Pearl,1
G2 Esports,LEVIATÁN,Pearl,1
G2 Esports,LEVIATÁN,Fracture,1
LOUD,Sentinels,Lotus,1
LOUD,Sentinels,Pearl,0
LOUD,Sentinels,Split,0
BBL Esports,Team Liquid,Bind,0
BBL Esports,Team Liquid,Pearl,1
BBL Esports,Team Liquid,Split,0
FUT Esports,FNATIC,Abyss,1
FUT Esports,FNATIC,Fracture,1
T1,TALON,Fracture,1
T1,TALON,Bind,0
T1,TALON,Haven,1
GIANTX,Team Liquid,Fracture,0
GIANTX,Team Liquid,Split,0
Gentle Mates,FNATIC,Abyss,0
Gentle Mates,FNATIC,Fracture,0
FUT Esports,Team Vitality,Bind,0
FUT Esports,Team Vitality,Split,0
BBL Esports,Team Heretics,Pearl,0
BBL Esports,Team Heretics,Lotus,0
Global Esports,DetonatioN FocusMe,Abyss,0
Global Esports,DetonatioN FocusMe,Split,0
Rex Regum Qeon,Team Secret,Lotus,0
Rex Regum Qeon,Team Secret,Pearl,1
Rex Regum Qeon,Team Secret,Haven,1
Paper Rex,ZETA DIVISION,Lotus,1
Paper Rex,ZETA DIVISION,Fracture,1
Nongshim RedForce,BOOM Esports,Pearl,1
Nongshim RedForce,BOOM Esports,Bind,0
Nongshim RedForce,BOOM Esports,Lotus,1
Trace Esports,EDward Gaming,Lotus,1
Trace Esports,EDward Gaming,Bind,0
Trace Esports,EDward Gaming,Abyss,0
Trace Esports,EDward Gaming,Fracture,0
TALON,Global Esports,Split,0
TALON,Global Esports,Abyss,1
TALON,Global Esports,Lotus,1
100 Thieves,NRG Esports,Lotus,1
100 Thieves,NRG Esports,Pearl,0
100 Thieves,NRG Esports,Bind,0
KRÜ Esports,2Game Esports,Abyss,1
KRÜ Esports,2Game Esports,Split,1
Gentle Mates,KOI,Haven,1
Gentle Mates,KOI,Lotus,0
Gentle Mates,KOI,Pearl,1
Team Liquid,Apeks,Abyss,1
Team Liquid,Apeks,Pearl,0
Team Liquid,Apeks,Haven,1
Bilibili Gaming,EDward Gaming,Pearl,0
Bilibili Gaming,EDward Gaming,Haven,0
Bilibili Gaming,EDward Gaming,Lotus,0
Cloud9,MIBR,Lotus,1
Cloud9,MIBR,Abyss,0
Cloud9,MIBR,Pearl,0
FURIA,Evil Geniuses,Abyss,0
FURIA,Evil Geniuses,Fracture,0
FNATIC,Natus Vincere,Pearl,1
FNATIC,Natus Vincere,Fracture,0
FNATIC,Natus Vincere,Haven,1
Karmine Corp,GIANTX,Bind,1
Karmine Corp,GIANTX,Lotus,0
Karmine Corp,GIANTX,Fracture,0
Dragon Ranger Gaming,EDward Gaming,Haven,0
Dragon Ranger Gaming,EDward Gaming,Pearl,0
Bilibili Gaming,Trace Esports,Bind,0
Bilibili Gaming,Trace Esports,Haven,1
Bilibili Gaming,Trace Esports,Lotus,0
Team Heretics,Gentle Mates,Abyss,0
Team Heretics,Gentle Mates,Fracture,1
Team Heretics,Gentle Mates,Pearl,1
FUT Esports,Team Liquid,Pearl,1
FUT Esports,Team Liquid,Fracture,1
EDward Gaming,Xi Lai Gaming,Lotus,0
EDward Gaming,Xi Lai Gaming,Bind,1
EDward Gaming,Xi Lai Gaming,Haven,1
FunPlus Phoenix,Dragon Ranger Gaming,Abyss,0
FunPlus Phoenix,Dragon Ranger Gaming,Pearl,1
FunPlus Phoenix,Dragon Ranger Gaming,Haven,0
JDG Esports,Xi Lai Gaming,Pearl,1
JDG Esports,Xi Lai Gaming,Bind,0
JDG Esports,Xi Lai Gaming,Haven,0
Nova Esports,Dragon Ranger Gaming,Pearl,0
Nova Esports,Dragon Ranger Gaming,Bind,0
Trace Esports,EDward Gaming,Lotus,1
Trace Esports,EDward Gaming,Bind,1
Paper Rex,T1,Bind,0
Paper Rex,T1,Fracture,1
Paper Rex,T1,Split,0
Bilibili Gaming,FunPlus Phoenix,Bind,1
Bilibili Gaming,FunPlus Phoenix,Lotus,1
DRX,Nongshim RedForce,Lotus,1
DRX,Nongshim RedForce,Pearl,0
DRX,Nongshim RedForce,Fracture,1
G2 Esports,Cloud9,Lotus,1
G2 Esports,Cloud9,Abyss,1
LEVIATÁN,FURIA,Haven,1
LEVIATÁN,FURIA,Split,1
Nova Esports,Wolves Esports,Fracture,1
Nova Esports,Wolves Esports,Abyss,0
Nova Esports,Wolves Esports,Split,1
DetonatioN FocusMe,Rex Regum Qeon,Abyss,1
DetonatioN FocusMe,Rex Regum Qeon,Pearl,0
DetonatioN FocusMe,Rex Regum Qeon,Haven,0
Dragon Ranger Gaming,TYLOO,Pearl,1
Dragon Ranger Gaming,TYLOO,Haven,1
Global Esports,Team Secret,Abyss,0
Global Esports,Team Secret,Split,1
Global Esports,Team Secret,Pearl,1
Sentinels,100 Thieves,Split,0
Sentinels,100 Thieves,Bind,1
Sentinels,100 Thieves,Pearl,1
KRÜ Esports,LOUD,Haven,0
KRÜ Esports,LOUD,Split,0
Xi Lai Gaming,All Gamers,Abyss,0
Xi Lai Gaming,All Gamers,Bind,1
Xi Lai Gaming,All Gamers,Lotus,1
ZETA DIVISION,Nongshim RedForce,Split,0
ZETA DIVISION,Nongshim RedForce,Haven,0
Titan Esports Club,JDG Esports,Fracture,0
Titan Esports Club,JDG Esports,Abyss,0
BOOM Esports,T1,Pearl,0
BOOM Esports,T1,Bind,1
BOOM Esports,T1,Fracture,0
NRG Esports,Cloud9,Fracture,0
NRG Esports,Cloud9,Lotus,0
2Game Esports,FURIA,Haven,0
2Game Esports,FURIA,Lotus,0
Team Vitality,Karmine Corp,Haven,1
Team Vitality,Karmine Corp,Bind,0
Team Vitality,Karmine Corp,Abyss,1
FNATIC,BBL Esports,Abyss,0
FNATIC,BBL Esports,Fracture,1
FNATIC,BBL Esports,Split,0
EDward Gaming,Nova Esports,Split,1
EDward Gaming,Nova Esports,Fracture,1
Trace Esports,Dragon Ranger Gaming,Pearl,1
Trace Esports,Dragon Ranger Gaming,Abyss,1
MIBR,100 Thieves,Lotus,0
MIBR,100 Thieves,Bind,0
Evil Geniuses,LOUD,Split,0
Evil Geniuses,LOUD,Pearl,0
Apeks,Gentle Mates,Pearl,0
Apeks,Gentle Mates,Haven,0
Team Liquid,KOI,Fracture,0
Team Liquid,KOI,Abyss,1
Team Liquid,KOI,Bind,1
Bilibili Gaming,Xi Lai Gaming,Haven,0
Bilibili Gaming,Xi Lai Gaming,Lotus,1
Bilibili Gaming,Xi Lai Gaming,Abyss,1
FunPlus Phoenix,Titan Esports Club,Abyss,0
FunPlus Phoenix,Titan Esports Club,Fracture,1
FunPlus Phoenix,Titan Esports Club,Pearl,1
Karmine Corp,Natus Vincere,Abyss,0
Karmine Corp,Natus Vincere,Bind,1
Karmine Corp,Natus Vincere,Lotus,1
BBL Esports,GIANTX,Lotus,1
BBL Esports,GIANTX,Haven,0
BBL Esports,GIANTX,Pearl,1
All Gamers,Nova Esports,Abyss,0
All Gamers,Nova Esports,Bind,0
JDG Esports,Dragon Ranger Gaming,Abyss,0
JDG Esports,Dragon Ranger Gaming,Haven,1
JDG Esports,Dragon Ranger Gaming,Bind,0
Xi Lai Gaming,Wolves Esports,Lotus,1
Xi Lai Gaming,Wolves Esports,Split,1
TYLOO,Titan Esports Club,Fracture,0
TYLOO,Titan Esports Club,Abyss,0
FURIA,MIBR,Bind,1
FURIA,MIBR,Abyss,0
FURIA,MIBR,Haven,1
KRÜ Esports,2Game Esports,Abyss,1
KRÜ Esports,2Game Esports,Bind,1
Xi Lai Gaming,Nova Esports,Bind,1
Xi Lai Gaming,Nova Esports,Sunset,0
Xi Lai Gaming,Nova Esports,Haven,1
Xi Lai Gaming,Nova Esports,Abyss,0
Xi Lai Gaming,Nova Esports,Pearl,1
LOUD,MIBR,Bind,0
LOUD,MIBR,Haven,0
Nova Esports,EDward Gaming,Sunset,1
Nova Esports,EDward Gaming,Ascent,1
Nova Esports,EDward Gaming,Haven,0
Nova Esports,EDward Gaming,Bind,1
LOUD,2Game Esports,Abyss,0
LOUD,2Game Esports,Haven,1
LOUD,2Game Esports,Ascent,0
Team Heretics,Gentle Mates,Haven,0
Team Heretics,Gentle Mates,Abyss,0
EDward Gaming,Trace Esports,Sunset,1
EDward Gaming,Trace Esports,Ascent,1
Xi Lai Gaming,Nova Esports,Abyss,1
Xi Lai Gaming,Nova Esports,Bind,1
NRG Esports,Bilibili Gaming,Split,1
NRG Esports,Bilibili Gaming,Ascent,0
NRG Esports,Bilibili Gaming,Abyss,1
MIBR,2Game Esports,Split,0
MIBR,2Game Esports,Pearl,1
MIBR,2Game Esports,Abyss,1
KRÜ Esports,FURIA,Abyss,0
KRÜ Esports,FURIA,Split,1
KRÜ Esports,FURIA,Bind,0
DRX,Bilibili Gaming,Bind,1
DRX,Bilibili Gaming,Abyss,0
DRX,Bilibili Gaming,Pearl,1
Xi Lai Gaming,EDward Gaming,Pearl,1
Xi Lai Gaming,EDward Gaming,Sunset,1
Trace Esports,All Gamers,Pearl,1
Trace Esports,All Gamers,Abyss,1
TYLOO,Nova Esports,Ascent,0
TYLOO,Nova Esports,Sunset,0
Trace Esports,Nova Esports,Split,1
Trace Esports,Nova Esports,Bind,0
Trace Esports,Nova Esports,Abyss,0
TYLOO,All Gamers,Pearl,0
TYLOO,All Gamers,Split,0
JDG Esports,Titan Esports Club,Bind,1
JDG Esports,Titan Esports Club,Abyss,1
Nova Esports,All Gamers,Abyss,1
Nova Esports,All Gamers,Sunset,1
JDG Esports,EDward Gaming,Ascent,0
JDG Esports,EDward Gaming,Split,1
JDG Esports,EDward Gaming,Sunset,0
Xi Lai Gaming,Titan Esports Club,Abyss,0
Xi Lai Gaming,Titan Esports Club,Pearl,0
EDward Gaming,Titan Esports Club,Ascent,1
EDward Gaming,Titan Esports Club,Abyss,1
JDG Esports,Xi Lai Gaming,Abyss,0
JDG Esports,Xi Lai Gaming,Bind,0
Trace Esports,TYLOO,Pearl,1
Trace Esports,TYLOO,Split,1
Xi Lai Gaming,Wolves Esports,Pearl,0
Xi Lai Gaming,Wolves Esports,Bind,0
Xi Lai Gaming,Wolves Esports,Haven,0
Paper Rex,Wolves Esports,Split,0
Paper Rex,Wolves Esports,Bind,1
Paper Rex,Wolves Esports,Pearl,0
EDward Gaming,Xi Lai Gaming,Pearl,0
EDward Gaming,Xi Lai Gaming,Ascent,0
BBL Esports,GIANTX,Sunset,0
BBL Esports,GIANTX,Pearl,1
BBL Esports,GIANTX,Split,1
BBL Esports,GIANTX,Haven,1
DetonatioN FocusMe,Paper Rex,Ascent,0
DetonatioN FocusMe,Paper Rex,Haven,1
DetonatioN FocusMe,Paper Rex,Abyss,0
DetonatioN FocusMe,Paper Rex,Pearl,0
Team Liquid,GIANTX,Sunset,0
Team Liquid,GIANTX,Ascent,0
Paper Rex,Trace Esports,Split,1
Paper Rex,Trace Esports,Ascent,1
Paper Rex,Trace Esports,Sunset,1
Trace Esports,DRX,Sunset,1
Trace Esports,DRX,Split,1
DetonatioN FocusMe,Paper Rex,Split,1
DetonatioN FocusMe,Paper Rex,Ascent,1
DetonatioN FocusMe,Trace Esports,Ascent,0
DetonatioN FocusMe,Trace Esports,Abyss,1
DetonatioN FocusMe,Trace Esports,Haven,1
DRX,Paper Rex,Sunset,0
DRX,Paper Rex,Abyss,1
DRX,Paper Rex,Pearl,0
Rex Regum Qeon,Paper Rex,Haven,0
Rex Regum Qeon,Paper Rex,Abyss,1
Rex Regum Qeon,Paper Rex,Split,0
EDward Gaming,Paper Rex,Split,0
EDward Gaming,Paper Rex,Ascent,1
EDward Gaming,Paper Rex,Pearl,0
Trace Esports,Bilibili Gaming,Abyss,1
Trace Esports,Bilibili Gaming,Ascent,0
Trace Esports,Bilibili Gaming,Sunset,1
T1,Cloud9,Abyss,1
T1,Cloud9,Pearl,0
T1,Cloud9,Bind,1
T1,Cloud9,Haven,1
T1,FUT Esports,Bind,1
T1,FUT Esports,Pearl,0
T1,FUT Esports,Ascent,1
Rex Regum Qeon,DetonatioN FocusMe,Haven,1
Rex Regum Qeon,DetonatioN FocusMe,Pearl,0
Rex Regum Qeon,DetonatioN FocusMe,Ascent,0
Global Esports,All Gamers,Sunset,1
Global Esports,All Gamers,Haven,1
G2 Esports,Cloud9,Sunset,0
G2 Esports,Cloud9,Pearl,0
FNATIC,G2 Esports,Haven,0
FNATIC,G2 Esports,Bind,0
EDward Gaming,DetonatioN FocusMe,Ascent,1
EDward Gaming,DetonatioN FocusMe,Sunset,0
EDward Gaming,DetonatioN FocusMe,Abyss,0
DRX,Bilibili Gaming,Sunset,1
DRX,Bilibili Gaming,Haven,1
Trace Esports,Rex Regum Qeon,Ascent,0
Trace Esports,Rex Regum Qeon,Pearl,0
Global Esports,BOOM Esports,Ascent,0
Global Esports,BOOM Esports,Split,1
Global Esports,BOOM Esports,Bind,0
Bilibili Gaming,Wolves Esports,Sunset,1
Bilibili Gaming,Wolves Esports,Abyss,1
Bilibili Gaming,Wolves Esports,Bind,0
Bilibili Gaming,Wolves Esports,Ascent,1
Wolves Esports,FunPlus Phoenix,Abyss,1
Wolves Esports,FunPlus Phoenix,Haven,1
Wolves Esports,FunPlus Phoenix,Ascent,1
FunPlus Phoenix,Xi Lai Gaming,Sunset,1
FunPlus Phoenix,Xi Lai Gaming,Abyss,1
Wolves Esports,Bilibili Gaming,Split,1
Wolves Esports,Bilibili Gaming,Bind,0
Wolves Esports,Bilibili Gaming,Ascent,0
Nova Esports,FunPlus Phoenix,Haven,0
Nova Esports,FunPlus Phoenix,Sunset,1
Nova Esports,FunPlus Phoenix,Ascent,0
JDG Esports,Xi Lai Gaming,Sunset,0
JDG Esports,Xi Lai Gaming,Pearl,1
JDG Esports,Xi Lai Gaming,Bind,0
Bilibili Gaming,Nova Esports,Sunset,1
Bilibili Gaming,Nova Esports,Pearl,1
Wolves Esports,JDG Esports,Sunset,0
Wolves Esports,JDG Esports,Split,1
Wolves Esports,JDG Esports,Ascent,1
NRG Esports,Sentinels,Bind,1
NRG Esports,Sentinels,Haven,1
Sentinels,Evil Geniuses,Sunset,1
Sentinels,Evil Geniuses,Pearl,1
Xi Lai Gaming,Titan Esports Club,Pearl,1
Xi Lai Gaming,Titan Esports Club,Ascent,1
FunPlus Phoenix,TYLOO,Bind,1
FunPlus Phoenix,TYLOO,Sunset,1
T1,Trace Esports,Pearl,1
T1,Trace Esports,Bind,1
Sentinels,NRG Esports,Sunset,0
Sentinels,NRG Esports,Split,0
NRG Esports,Cloud9,Bind,0
NRG Esports,Cloud9,Haven,1
NRG Esports,Cloud9,Ascent,1
Evil Geniuses,Cloud9,Abyss,0
Evil Geniuses,Cloud9,Pearl,1
Evil Geniuses,Cloud9,Haven,1
All Gamers,Titan Esports Club,Abyss,1
All Gamers,Titan Esports Club,Bind,0
All Gamers,Titan Esports Club,Pearl,0
TYLOO,Dragon Ranger Gaming,Split,1
TYLOO,Dragon Ranger Gaming,Ascent,0
TYLOO,Dragon Ranger Gaming,Bind,1
T1,EDward Gaming,Ascent,1
T1,EDward Gaming,Split,1
NRG Esports,Evil Geniuses,Split,1
NRG Esports,Evil Geniuses,Abyss,0
NRG Esports,Evil Geniuses,Haven,1
Sentinels,Evil Geniuses,Split,1
Sentinels,Evil Geniuses,Abyss,0
Sentinels,Evil Geniuses,Pearl,1
Sentinels,Cloud9,Pearl,1
Sentinels,Cloud9,Sunset,1
Bilibili Gaming,Xi Lai Gaming,Ascent,0
Bilibili Gaming,Xi Lai Gaming,Pearl,1
Bilibili Gaming,Xi Lai Gaming,Bind,1
FunPlus Phoenix,Wolves Esports,Haven,0
FunPlus Phoenix,Wolves Esports,Abyss,1
FunPlus Phoenix,Wolves Esports,Sunset,0
All Gamers,Nova Esports,Sunset,0
All Gamers,Nova Esports,Abyss,0
TYLOO,JDG Esports,Ascent,0
TYLOO,JDG Esports,Bind,0
Dragon Ranger Gaming,Xi Lai Gaming,Haven,1
Dragon Ranger Gaming,Xi Lai Gaming,Bind,0
Dragon Ranger Gaming,Xi Lai Gaming,Sunset,0
Titan Esports Club,Wolves Esports,Ascent,0
Titan Esports Club,Wolves Esports,Abyss,0
Nova Esports,Wolves Esports,Abyss,1
Nova Esports,Wolves Esports,Haven,0
Nova Esports,Wolves Esports,Sunset,0
Nova Esports,Wolves Esports,Ascent,0
TALON,DRX,Ascent,1
TALON,DRX,Sunset,1
Wolves Esports,Xi Lai Gaming,Lotus,1
Wolves Esports,Xi Lai Gaming,Bind,0
Wolves Esports,Xi Lai Gaming,Haven,1
Wolves Esports,Xi Lai Gaming,Sunset,1
Xi Lai Gaming,All Gamers,Bind,1
Xi Lai Gaming,All Gamers,Sunset,1
Wolves Esports,Nova Esports,Abyss,0
Wolves Esports,Nova Esports,Ascent,1
Wolves Esports,Nova Esports,Sunset,0
All Gamers,TYLOO,Lotus,1
All Gamers,TYLOO,Bind,0
All Gamers,TYLOO,Sunset,1
Dragon Ranger Gaming,Xi Lai Gaming,Abyss,1
Dragon Ranger Gaming,Xi Lai Gaming,Lotus,0
Dragon Ranger Gaming,Xi Lai Gaming,Haven,0
Dragon Ranger Gaming,Nova Esports,Sunset,0
Dragon Ranger Gaming,Nova Esports,Lotus,1
Dragon Ranger Gaming,Nova Esports,Haven,0
All Gamers,Wolves Esports,Sunset,0
All Gamers,Wolves Esports,Bind,1
All Gamers,Wolves Esports,Haven,0
TYLOO,Titan Esports Club,Sunset,1
TYLOO,Titan Esports Club,Haven,0
TYLOO,Titan Esports Club,Lotus,1
JDG Esports,Xi Lai Gaming,Bind,0
JDG Esports,Xi Lai Gaming,Ascent,0
Titan Esports Club,Nova Esports,Sunset,1
Titan Esports Club,Nova Esports,Haven,0
Titan Esports Club,Nova Esports,Abyss,0
TYLOO,Dragon Ranger Gaming,Bind,0
TYLOO,Dragon Ranger Gaming,Lotus,0
T1,ZETA DIVISION,Haven,1
T1,ZETA DIVISION,Ascent,1
T1,ZETA DIVISION,Sunset,0
T1,ZETA DIVISION,Bind,1
ZETA DIVISION,DetonatioN FocusMe,Ascent,0
ZETA DIVISION,DetonatioN FocusMe,Sunset,1
ZETA DIVISION,DetonatioN FocusMe,Haven,1
Wolves Esports,Xi Lai Gaming,Abyss,1
Wolves Esports,Xi Lai Gaming,Bind,1
Rex Regum Qeon,T1,Ascent,0
Rex Regum Qeon,T1,Icebox,0
JDG Esports,All Gamers,Haven,0
JDG Esports,All Gamers,Bind,1
JDG Esports,All Gamers,Sunset,0
Sentinels,Cloud9,Lotus,0
Sentinels,Cloud9,Bind,0
EDward Gaming,Team Heretics,Haven,0
EDward Gaming,Team Heretics,Sunset,1
EDward Gaming,Team Heretics,Lotus,1
EDward Gaming,Team Heretics,Bind,0
EDward Gaming,Team Heretics,Abyss,1
LEVIATÁN,Team Heretics,Icebox,0
LEVIATÁN,Team Heretics,Sunset,0
LEVIATÁN,Team Heretics,Abyss,1
LEVIATÁN,Team Heretics,Lotus,0
Team Heretics,Sentinels,Haven,0
Team Heretics,Sentinels,Icebox,1
Team Heretics,Sentinels,Abyss,1
EDward Gaming,LEVIATÁN,Icebox,0
EDward Gaming,LEVIATÁN,Lotus,1
EDward Gaming,LEVIATÁN,Abyss,1
Team Heretics,DRX,Abyss,0
Team Heretics,DRX,Sunset,1
Team Heretics,DRX,Icebox,1
Sentinels,FNATIC,Sunset,1
Sentinels,FNATIC,Bind,0
Sentinels,FNATIC,Lotus,1
LEVIATÁN,Team Heretics,Icebox,1
LEVIATÁN,Team Heretics,Lotus,1
Sentinels,EDward Gaming,Haven,1
Sentinels,EDward Gaming,Lotus,0
Sentinels,EDward Gaming,Sunset,0
G2 Esports,FNATIC,Haven,0
G2 Esports,FNATIC,Bind,0
DRX,Trace Esports,Lotus,1
DRX,Trace Esports,Abyss,1
Team Heretics,FNATIC,Lotus,1
Team Heretics,FNATIC,Abyss,1
G2 Esports,LEVIATÁN,Icebox,0
G2 Esports,LEVIATÁN,Abyss,0
Trace Esports,EDward Gaming,Bind,0
Trace Esports,EDward Gaming,Sunset,0
DRX,Sentinels,Sunset,0
DRX,Sentinels,Haven,0
EDward Gaming,Paper Rex,Icebox,0
EDward Gaming,Paper Rex,Sunset,1
EDward Gaming,Paper Rex,Lotus,1
LEVIATÁN,Team Vitality,Icebox,1
LEVIATÁN,Team Vitality,Sunset,1
FNATIC,KRÜ Esports,Sunset,0
FNATIC,KRÜ Esports,Haven,1
FNATIC,KRÜ Esports,Lotus,1
FUT Esports,Paper Rex,Sunset,0
FUT Esports,Paper Rex,Bind,0
TALON,Team Vitality,Lotus,0
TALON,Team Vitality,Sunset,0
Bilibili Gaming,KRÜ Esports,Lotus,0
Bilibili Gaming,KRÜ Esports,Icebox,0
Sentinels,FunPlus Phoenix,Bind,1
Sentinels,FunPlus Phoenix,Lotus,1
EDward Gaming,G2 Esports,Icebox,1
EDward Gaming,G2 Esports,Haven,0
EDward Gaming,G2 Esports,Bind,0
LEVIATÁN,Trace Esports,Bind,0
LEVIATÁN,Trace Esports,Sunset,1
LEVIATÁN,Trace Esports,Ascent,0
FNATIC,DRX,Abyss,0
FNATIC,DRX,Lotus,0
EDward Gaming,FUT Esports,Lotus,1
EDward Gaming,FUT Esports,Bind,1
G2 Esports,Paper Rex,Icebox,1
G2 Esports,Paper Rex,Lotus,1
Team Vitality,Trace Esports,Ascent,0
Team Vitality,Trace Esports,Sunset,1
Team Vitality,Trace Esports,Bind,0
LEVIATÁN,TALON,Bind,1
LEVIATÁN,TALON,Ascent,1
FNATIC,Bilibili Gaming,Bind,1
FNATIC,Bilibili Gaming,Lotus,1
DRX,KRÜ Esports,Haven,0
DRX,KRÜ Esports,Abyss,1
DRX,KRÜ Esports,Bind,1
FunPlus Phoenix,Team Heretics,Abyss,0
FunPlus Phoenix,Team Heretics,Bind,1
FunPlus Phoenix,Team Heretics,Lotus,0
G2 Esports,LEVIATÁN,Lotus,0
G2 Esports,LEVIATÁN,Haven,0
G2 Esports,LEVIATÁN,Bind,1
G2 Esports,LEVIATÁN,Ascent,0
LEVIATÁN,KRÜ Esports,Icebox,1
LEVIATÁN,KRÜ Esports,Haven,0
LEVIATÁN,KRÜ Esports,Sunset,0
LEVIATÁN,KRÜ Esports,Abyss,1
LEVIATÁN,KRÜ Esports,Ascent,1
FNATIC,Team Vitality,Haven,1
FNATIC,Team Vitality,Ascent,0
FNATIC,Team Vitality,Lotus,1
FNATIC,Team Vitality,Bind,1
EDward Gaming,FunPlus Phoenix,Sunset,1
EDward Gaming,FunPlus Phoenix,Abyss,0
EDward Gaming,FunPlus Phoenix,Haven,1
EDward Gaming,FunPlus Phoenix,Icebox,0
EDward Gaming,FunPlus Phoenix,Bind,1
DRX,Paper Rex,Abyss,0
DRX,Paper Rex,Lotus,0
DRX,Paper Rex,Bind,1
DRX,Paper Rex,Icebox,1
DRX,Paper Rex,Ascent,1
KRÜ Esports,100 Thieves,Icebox,0
KRÜ Esports,100 Thieves,Lotus,1
KRÜ Esports,100 Thieves,Ascent,1
LEVIATÁN,G2 Esports,Icebox,0
LEVIATÁN,G2 Esports,Bind,0
Team Vitality,Team Heretics,Icebox,0
Team Vitality,Team Heretics,Sunset,1
Team Vitality,Team Heretics,Lotus,1
Team Vitality,Team Heretics,Haven,1
Trace Esports,FunPlus Phoenix,Lotus,1
Trace Esports,FunPlus Phoenix,Ascent,1
Trace Esports,FunPlus Phoenix,Abyss,0
Trace Esports,FunPlus Phoenix,Bind,0
Trace Esports,FunPlus Phoenix,Haven,0
G2 Esports,100 Thieves,Lotus,1
G2 Esports,100 Thieves,Abyss,1
LEVIATÁN,KRÜ Esports,Icebox,1
LEVIATÁN,KRÜ Esports,Sunset,1
FunPlus Phoenix,Bilibili Gaming,Ascent,1
FunPlus Phoenix,Bilibili Gaming,Icebox,0
FunPlus Phoenix,Bilibili Gaming,Lotus,1
Trace Esports,EDward Gaming,Sunset,0
Trace Esports,EDward Gaming,Abyss,0
Sentinels,100 Thieves,Haven,0
Sentinels,100 Thieves,Ascent,0
KRÜ Esports,Cloud9,Abyss,1
KRÜ Esports,Cloud9,Lotus,0
KRÜ Esports,Cloud9,Haven,1
Team Heretics,FUT Esports,Abyss,1
Team Heretics,FUT Esports,Sunset,1
Team Vitality,FNATIC,Lotus,0
Team Vitality,FNATIC,Sunset,0
EDward Gaming,Bilibili Gaming,Sunset,1
EDward Gaming,Bilibili Gaming,Bind,0
EDward Gaming,Bilibili Gaming,Lotus,1
FunPlus Phoenix,Trace Esports,Ascent,0
FunPlus Phoenix,Trace Esports,Haven,0
FUT Esports,FNATIC,Sunset,0
FUT Esports,FNATIC,Haven,0
Team Heretics,Team Vitality,Icebox,1
Team Heretics,Team Vitality,Sunset,0
Team Heretics,Team Vitality,Bind,0
JDG Esports,Bilibili Gaming,Sunset,0
JDG Esports,Bilibili Gaming,Icebox,0
Trace Esports,All Gamers,Lotus,1
Trace Esports,All Gamers,Sunset,1
FNATIC,Karmine Corp,Icebox,0
FNATIC,Karmine Corp,Sunset,1
FNATIC,Karmine Corp,Lotus,1
Team Vitality,Natus Vincere,Haven,0
Team Vitality,Natus Vincere,Sunset,1
Team Vitality,Natus Vincere,Ascent,1
Sentinels,G2 Esports,Bind,0
Sentinels,G2 Esports,Lotus,0
LOUD,100 Thieves,Ascent,0
LOUD,100 Thieves,Bind,1
LOUD,100 Thieves,Lotus,1
Paper Rex,TALON,Ascent,1
Paper Rex,TALON,Sunset,1
LEVIATÁN,FURIA,Sunset,1
LEVIATÁN,FURIA,Icebox,1
Evil Geniuses,MIBR,Bind,0
Evil Geniuses,MIBR,Lotus,0
DRX,TALON,Ascent,1
DRX,TALON,Abyss,1
Cloud9,KRÜ Esports,Icebox,0
Cloud9,KRÜ Esports,Split,0
Team Secret,TALON,Lotus,0
Team Secret,TALON,Abyss,0
Team Vitality,Karmine Corp,Icebox,1
Team Vitality,Karmine Corp,Lotus,0
Team Vitality,Karmine Corp,Sunset,1
Natus Vincere,Gentle Mates,Sunset,1
Natus Vincere,Gentle Mates,Ascent,0
Natus Vincere,Gentle Mates,Split,1
FNATIC,Team Liquid,Icebox,1
FNATIC,Team Liquid,Haven,1
Team Heretics,KOI,Icebox,0
Team Heretics,KOI,Bind,1
Team Heretics,KOI,Haven,1
FUT Esports,GIANTX,Split,1
FUT Esports,GIANTX,Lotus,1
Evil Geniuses,100 Thieves,Lotus,0
Evil Geniuses,100 Thieves,Bind,1
Evil Geniuses,100 Thieves,Ascent,0
NRG Esports,Cloud9,Ascent,1
NRG Esports,Cloud9,Icebox,0
NRG Esports,Cloud9,Sunset,0
MIBR,FURIA,Sunset,0
MIBR,FURIA,Icebox,0
Paper Rex,ZETA DIVISION,Ascent,0
Paper Rex,ZETA DIVISION,Lotus,1
Paper Rex,ZETA DIVISION,Sunset,1
TYLOO,FunPlus Phoenix,Icebox,0
TYLOO,FunPlus Phoenix,Haven,1
TYLOO,FunPlus Phoenix,Ascent,1
JDG Esports,All Gamers,Haven,1
JDG Esports,All Gamers,Icebox,1
LOUD,LEVIATÁN,Lotus,0
LOUD,LEVIATÁN,Icebox,0
G2 Esports,KRÜ Esports,Lotus,0
G2 Esports,KRÜ Esports,Ascent,1
G2 Esports,KRÜ Esports,Split,1
EDward Gaming,Bilibili Gaming,Icebox,1
EDward Gaming,Bilibili Gaming,Haven,1
ZETA DIVISION,TALON,Ascent,1
ZETA DIVISION,TALON,Lotus,0
ZETA DIVISION,TALON,Haven,1
Trace Esports,Titan Esports Club,Lotus,1
Trace Esports,Titan Esports Club,Bind,0
Trace Esports,Titan Esports Club,Haven,1
DRX,DetonatioN FocusMe,Icebox,1
DRX,DetonatioN FocusMe,Ascent,0
DRX,DetonatioN FocusMe,Haven,1
Team Heretics,Gentle Mates,Sunset,1
Team Heretics,Gentle Mates,Icebox,0
Team Heretics,Gentle Mates,Lotus,1
BBL Esports,Team Vitality,Ascent,0
BBL Esports,Team Vitality,Sunset,1
BBL Esports,Team Vitality,Lotus,0
Dragon Ranger Gaming,Wolves Esports,Icebox,0
Dragon Ranger Gaming,Wolves Esports,Ascent,0
TYLOO,JDG Esports,Haven,0
TYLOO,JDG Esports,Icebox,0
Paper Rex,Rex Regum Qeon,Lotus,1
Paper Rex,Rex Regum Qeon,Ascent,0
Paper Rex,Rex Regum Qeon,Sunset,1
Team Liquid,Karmine Corp,Bind,1
Team Liquid,Karmine Corp,Sunset,1
KOI,Natus Vincere,Split,1
KOI,Natus Vincere,Icebox,1
Titan Esports Club,FunPlus Phoenix,Lotus,1
Titan Esports Club,FunPlus Phoenix,Sunset,1
NRG Esports,KRÜ Esports,Split,0
NRG Esports,KRÜ Esports,Ascent,1
NRG Esports,KRÜ Esports,Sunset,1
MIBR,100 Thieves,Icebox,0
MIBR,100 Thieves,Split,0
FUT Esports,Gentle Mates,Sunset,1
FUT Esports,Gentle Mates,Split,1
Team Heretics,GIANTX,Bind,1
Team Heretics,GIANTX,Split,0
Team Heretics,GIANTX,Haven,1
All Gamers,Trace Esports,Haven,0
All Gamers,Trace Esports,Sunset,0
LOUD,FURIA,Haven,1
LOUD,FURIA,Icebox,0
LOUD,FURIA,Bind,0
Evil Geniuses,LEVIATÁN,Icebox,0
Evil Geniuses,LEVIATÁN,Sunset,0
Sentinels,Cloud9,Haven,1
Sentinels,Cloud9,Split,1
NRG Esports,G2 Esports,Haven,0
NRG Esports,G2 Esports,Bind,0
DRX,TALON,Ascent,0
DRX,TALON,Haven,1
DRX,TALON,Icebox,1
Paper Rex,DetonatioN FocusMe,Icebox,1
Paper Rex,DetonatioN FocusMe,Sunset,1
LEVIATÁN,100 Thieves,Bind,1
LEVIATÁN,100 Thieves,Haven,1
LOUD,MIBR,Ascent,1
LOUD,MIBR,Lotus,0
LOUD,MIBR,Sunset,1
EDward Gaming,Nova Esports,Lotus,1
EDward Gaming,Nova Esports,Bind,1
Bilibili Gaming,Dragon Ranger Gaming,Lotus,1
Bilibili Gaming,Dragon Ranger Gaming,Ascent,1
Global Esports,T1,Icebox,1
Global Esports,T1,Lotus,0
Global Esports,T1,Ascent,0
Sentinels,KRÜ Esports,Lotus,1
Sentinels,KRÜ Esports,Split,1
Evil Geniuses,FURIA,Bind,1
Evil Geniuses,FURIA,Lotus,1
All Gamers,FunPlus Phoenix,Sunset,0
All Gamers,FunPlus Phoenix,Haven,1
All Gamers,FunPlus Phoenix,Ascent,0
ZETA DIVISION,Rex Regum Qeon,Split,0
ZETA DIVISION,Rex Regum Qeon,Sunset,0
Titan Esports Club,TYLOO,Bind,0
Titan Esports Club,TYLOO,Ascent,1
Titan Esports Club,TYLOO,Icebox,0
TALON,DetonatioN FocusMe,Lotus,1
TALON,DetonatioN FocusMe,Sunset,1
FNATIC,Karmine Corp,Haven,1
FNATIC,Karmine Corp,Lotus,1
KOI,Gentle Mates,Sunset,0
KOI,Gentle Mates,Split,0
JDG Esports,Trace Esports,Bind,1
JDG Esports,Trace Esports,Sunset,0
JDG Esports,Trace Esports,Haven,1
Nova Esports,Wolves Esports,Icebox,1
Nova Esports,Wolves Esports,Sunset,1
Natus Vincere,GIANTX,Lotus,0
Natus Vincere,GIANTX,Ascent,0
BBL Esports,Team Liquid,Lotus,1
BBL Esports,Team Liquid,Ascent,1
EDward Gaming,Dragon Ranger Gaming,Lotus,0
EDward Gaming,Dragon Ranger Gaming,Haven,0
FNATIC,Team Vitality,Haven,1
FNATIC,Team Vitality,Icebox,0
FNATIC,Team Vitality,Lotus,1
Team Heretics,FUT Esports,Sunset,1
Team Heretics,FUT Esports,Split,1
JDG Esports,FunPlus Phoenix,Sunset,0
JDG Esports,FunPlus Phoenix,Haven,0
KOI,GIANTX,Sunset,1
KOI,GIANTX,Icebox,1
G2 Esports,Cloud9,Ascent,1
G2 Esports,Cloud9,Icebox,0
G2 Esports,Cloud9,Lotus,1
Team Secret,T1,Haven,0
Team Secret,T1,Split,1
Team Secret,T1,Icebox,1
DRX,Rex Regum Qeon,Split,0
DRX,Rex Regum Qeon,Sunset,0
LOUD,Evil Geniuses,Lotus,1
LOUD,Evil Geniuses,Sunset,0
LOUD,Evil Geniuses,Icebox,0
FURIA,100 Thieves,Icebox,1
FURIA,100 Thieves,Haven,1
Nova Esports,Bilibili Gaming,Split,1
Nova Esports,Bilibili Gaming,Bind,0
Nova Esports,Bilibili Gaming,Ascent,0
DetonatioN FocusMe,ZETA DIVISION,Haven,0
DetonatioN FocusMe,ZETA DIVISION,Sunset,1
DetonatioN FocusMe,ZETA DIVISION,Ascent,1
TYLOO,Trace Esports,Split,0
TYLOO,Trace Esports,Sunset,1
TYLOO,Trace Esports,Haven,0
Sentinels,NRG Esports,Lotus,1
Sentinels,NRG Esports,Sunset,1
MIBR,LEVIATÁN,Ascent,0
MIBR,LEVIATÁN,Icebox,0
Paper Rex,DRX,Split,1
Paper Rex,DRX,Haven,0
Paper Rex,DRX,Icebox,1
EDward Gaming,Wolves Esports,Split,1
EDward Gaming,Wolves Esports,Bind,0
EDward Gaming,Wolves Esports,Icebox,0
Titan Esports Club,All Gamers,Sunset,0
Titan Esports Club,All Gamers,Icebox,0
TALON,Rex Regum Qeon,Lotus,1
TALON,Rex Regum Qeon,Ascent,0
TALON,Rex Regum Qeon,Icebox,1
Natus Vincere,FUT Esports,Ascent,0
Natus Vincere,FUT Esports,Lotus,0
BBL Esports,Karmine Corp,Lotus,0
BBL Esports,Karmine Corp,Sunset,0
FunPlus Phoenix,Trace Esports,Haven,1
FunPlus Phoenix,Trace Esports,Lotus,0
FunPlus Phoenix,Trace Esports,Sunset,0
Dragon Ranger Gaming,Nova Esports,Ascent,1
Dragon Ranger Gaming,Nova Esports,Lotus,0
Dragon Ranger Gaming,Nova Esports,Sunset,0
Team Vitality,Team Liquid,Lotus,1
Team Vitality,Team Liquid,Icebox,1
GIANTX,Gentle Mates,Split,0
GIANTX,Gentle Mates,Sunset,1
GIANTX,Gentle Mates,Breeze,1
Team Heretics,Natus Vincere,Sunset,1
Team Heretics,Natus Vincere,Bind,1
BBL Esports,FNATIC,Ascent,0
BBL Esports,FNATIC,Bind,1
BBL Esports,FNATIC,Lotus,0
FUT Esports,KOI,Split,1
FUT Esports,KOI,Lotus,0
FUT Esports,KOI,Sunset,1
Team Secret,Global Esports,Sunset,1
Team Secret,Global Esports,Ascent,1
Rex Regum Qeon,DetonatioN FocusMe,Icebox,1
Rex Regum Qeon,DetonatioN FocusMe,Ascent,1
Paper Rex,TALON,Icebox,1
Paper Rex,TALON,Sunset,1
Bilibili Gaming,Wolves Esports,Sunset,1
Bilibili Gaming,Wolves Esports,Bind,1
All Gamers,TYLOO,Sunset,1
All Gamers,TYLOO,Icebox,1
Titan Esports Club,JDG Esports,Icebox,0
Titan Esports Club,JDG Esports,Lotus,0
ZETA DIVISION,DRX,Icebox,0
ZETA DIVISION,DRX,Sunset,1
ZETA DIVISION,DRX,Breeze,0
G2 Esports,Team Heretics,Bind,0
G2 Esports,Team Heretics,Icebox,0
G2 Esports,Team Heretics,Lotus,0
100 Thieves,Team Heretics,Bind,0
100 Thieves,Team Heretics,Sunset,0
Team Heretics,FUT Esports,Bind,1
Team Heretics,FUT Esports,Sunset,1
100 Thieves,Paper Rex,Breeze,1
100 Thieves,Paper Rex,Sunset,0
100 Thieves,Paper Rex,Icebox,1
G2 Esports,Team Heretics,Icebox,0
G2 Esports,Team Heretics,Ascent,1
G2 Esports,Team Heretics,Lotus,1
Paper Rex,EDward Gaming,Bind,1
Paper Rex,EDward Gaming,Sunset,1
FUT Esports,FNATIC,Split,0
FUT Esports,FNATIC,Lotus,1
FUT Esports,FNATIC,Ascent,1
EDward Gaming,Team Heretics,Sunset,0
EDward Gaming,Team Heretics,Split,0
Paper Rex,G2 Esports,Split,1
Paper Rex,G2 Esports,Lotus,0
Paper Rex,G2 Esports,Bind,0
100 Thieves,FUT Esports,Icebox,1
100 Thieves,FUT Esports,Bind,1
FUT Esports,LEVIATÁN,Sunset,1
FUT Esports,LEVIATÁN,Lotus,0
FUT Esports,LEVIATÁN,Bind,1
FunPlus Phoenix,Team Heretics,Sunset,0
FunPlus Phoenix,Team Heretics,Lotus,1
FunPlus Phoenix,Team Heretics,Icebox,0
Dragon Ranger Gaming,FUT Esports,Bind,0
Dragon Ranger Gaming,FUT Esports,Ascent,0
LEVIATÁN,T1,Breeze,1
LEVIATÁN,T1,Sunset,1
G2 Esports,Team Heretics,Lotus,0
G2 Esports,Team Heretics,Bind,1
G2 Esports,Team Heretics,Split,1
Team Heretics,Dragon Ranger Gaming,Icebox,1
Team Heretics,Dragon Ranger Gaming,Sunset,1
FunPlus Phoenix,FUT Esports,Sunset,1
FunPlus Phoenix,FUT Esports,Lotus,0
FunPlus Phoenix,FUT Esports,Icebox,1
G2 Esports,T1,Breeze,1
G2 Esports,T1,Icebox,0
G2 Esports,T1,Lotus,1
100 Thieves,G2 Esports,Bind,1
100 Thieves,G2 Esports,Breeze,1
100 Thieves,G2 Esports,Sunset,1
Team Heretics,FNATIC,Sunset,1
Team Heretics,FNATIC,Bind,1
Team Heretics,FNATIC,Lotus,0
Team Heretics,FNATIC,Split,0
Team Heretics,FNATIC,Breeze,0
FunPlus Phoenix,EDward Gaming,Lotus,1
FunPlus Phoenix,EDward Gaming,Bind,0
FunPlus Phoenix,EDward Gaming,Icebox,0
FunPlus Phoenix,EDward Gaming,Breeze,0
G2 Esports,LEVIATÁN,Bind,0
G2 Esports,LEVIATÁN,Breeze,1
G2 Esports,LEVIATÁN,Icebox,0
G2 Esports,LEVIATÁN,Lotus,1
G2 Esports,LEVIATÁN,Ascent,1
FNATIC,FUT Esports,Icebox,0
FNATIC,FUT Esports,Bind,1
FNATIC,FUT Esports,Breeze,1
FNATIC,FUT Esports,Split,1
EDward Gaming,Dragon Ranger Gaming,Breeze,1
EDward Gaming,Dragon Ranger Gaming,Split,1
EDward Gaming,Dragon Ranger Gaming,Ascent,0
EDward Gaming,Dragon Ranger Gaming,Bind,1
KRÜ Esports,LEVIATÁN,Lotus,1
KRÜ Esports,LEVIATÁN,Icebox,0
KRÜ Esports,LEVIATÁN,Sunset,0
G2 Esports,100 Thieves,Ascent,0
G2 Esports,100 Thieves,Bind,1
G2 Esports,100 Thieves,Split,0
Karmine Corp,FUT Esports,Icebox,0
Karmine Corp,FUT Esports,Sunset,0
FNATIC,Team Heretics,Lotus,0
FNATIC,Team Heretics,Breeze,0
Trace Esports,Dragon Ranger Gaming,Sunset,1
Trace Esports,Dragon Ranger Gaming,Split,0
Trace Esports,Dragon Ranger Gaming,Bind,0
FunPlus Phoenix,EDward Gaming,Icebox,1
FunPlus Phoenix,EDward Gaming,Breeze,1
LEVIATÁN,100 Thieves,Bind,0
LEVIATÁN,100 Thieves,Sunset,1
LEVIATÁN,100 Thieves,Icebox,0
KRÜ Esports,G2 Esports,Icebox,0
KRÜ Esports,G2 Esports,Ascent,0
FUT Esports,Team Heretics,Lotus,0
FUT Esports,Team Heretics,Split,0
Karmine Corp,FNATIC,Breeze,0
Karmine Corp,FNATIC,Bind,0
EDward Gaming,Dragon Ranger Gaming,Ascent,1
EDward Gaming,Dragon Ranger Gaming,Split,1
FunPlus Phoenix,Trace Esports,Bind,1
FunPlus Phoenix,Trace Esports,Lotus,1
100 Thieves,LOUD,Bind,1
100 Thieves,LOUD,Icebox,1
Cloud9,G2 Esports,Lotus,0
Cloud9,G2 Esports,Ascent,0
Natus Vincere,Team Heretics,Lotus,0
Natus Vincere,Team Heretics,Split,0
FNATIC,Team Liquid,Ascent,1
FNATIC,Team Liquid,Icebox,0
FNATIC,Team Liquid,Lotus,1
Dragon Ranger Gaming,Nova Esports,Bind,1
Dragon Ranger Gaming,Nova Esports,Ascent,1
Trace Esports,All Gamers,Sunset,1
Trace Esports,All Gamers,Breeze,1
G2 Esports,LOUD,Bind,0
G2 Esports,LOUD,Icebox,0
Cloud9,MIBR,Icebox,1
Cloud9,MIBR,Sunset,1
Trace Esports,EDward Gaming,Sunset,0
Trace Esports,EDward Gaming,Breeze,0
Nova Esports,Titan Esports Club,Split,1
Nova Esports,Titan Esports Club,Lotus,1
T1,Paper Rex,Lotus,0
T1,Paper Rex,Sunset,0
KRÜ Esports,LEVIATÁN,Ascent,0
KRÜ Esports,LEVIATÁN,Breeze,1
KRÜ Esports,LEVIATÁN,Lotus,0
NRG Esports,100 Thieves,Split,0
NRG Esports,100 Thieves,Bind,0
Bilibili Gaming,FunPlus Phoenix,Icebox,0
Bilibili Gaming,FunPlus Phoenix,Lotus,0
DRX,Paper Rex,Lotus,0
DRX,Paper Rex,Ascent,1
DRX,Paper Rex,Bind,0
Dragon Ranger Gaming,TYLOO,Bind,0
Dragon Ranger Gaming,TYLOO,Breeze,0
Sentinels,FURIA,Split,1
Sentinels,FURIA,Icebox,1
BBL Esports,FUT Esports,Bind,0
BBL Esports,FUT Esports,Icebox,0
Team Liquid,Gentle Mates,Lotus,1
Team Liquid,Gentle Mates,Icebox,1
Wolves Esports,JDG Esports,Lotus,0
Wolves Esports,JDG Esports,Ascent,0
Paper Rex,TALON,Lotus,1
Paper Rex,TALON,Sunset,1
Paper Rex,TALON,Bind,0
Team Secret,T1,Lotus,0
Team Secret,T1,Sunset,0
Natus Vincere,FNATIC,Breeze,0
Natus Vincere,FNATIC,Ascent,1
Natus Vincere,FNATIC,Bind,1
Team Vitality,KOI,Split,0
Team Vitality,KOI,Breeze,1
Team Vitality,KOI,Icebox,0
EDward Gaming,All Gamers,Sunset,1
EDward Gaming,All Gamers,Icebox,1
Karmine Corp,Team Heretics,Icebox,0
Karmine Corp,Team Heretics,Lotus,1
Karmine Corp,Team Heretics,Bind,0
BBL Esports,GIANTX,Bind,0
BBL Esports,GIANTX,Sunset,0
KRÜ Esports,100 Thieves,Sunset,1
KRÜ Esports,100 Thieves,Breeze,0
KRÜ Esports,100 Thieves,Split,1
NRG Esports,Evil Geniuses,Ascent,0
NRG Esports,Evil Geniuses,Lotus,1
NRG Esports,Evil Geniuses,Sunset,0
Cloud9,FURIA,Ascent,0
Cloud9,FURIA,Lotus,1
Cloud9,FURIA,Bind,1
Bilibili Gaming,JDG Esports,Icebox,1
Bilibili Gaming,JDG Esports,Lotus,1
Team Secret,TALON,Sunset,1
Team Secret,TALON,Lotus,0
Team Secret,TALON,Breeze,0
All Gamers,Nova Esports,Lotus,1
All Gamers,Nova Esports,Bind,0
All Gamers,Nova Esports,Split,1
T1,ZETA DIVISION,Bind,0
T1,ZETA DIVISION,Lotus,1
T1,ZETA DIVISION,Sunset,1
Sentinels,LOUD,Lotus,0
Sentinels,LOUD,Icebox,0
G2 Esports,MIBR,Icebox,1
G2 Esports,MIBR,Bind,1
FunPlus Phoenix,EDward Gaming,Breeze,0
FunPlus Phoenix,EDward Gaming,Bind,1
FunPlus Phoenix,EDward Gaming,Ascent,1
Global Esports,DetonatioN FocusMe,Split,0
Global Esports,DetonatioN FocusMe,Lotus,1
Global Esports,DetonatioN FocusMe,Ascent,1
TYLOO,Wolves Esports,Sunset,0
TYLOO,Wolves Esports,Split,1
TYLOO,Wolves Esports,Ascent,0
Karmine Corp,KOI,Sunset,1
Karmine Corp,KOI,Icebox,0
Karmine Corp,KOI,Bind,1
Team Vitality,GIANTX,Lotus,0
Team Vitality,GIANTX,Breeze,1
Team Vitality,GIANTX,Sunset,1
Trace Esports,Dragon Ranger Gaming,Breeze,0
Trace Esports,Dragon Ranger Gaming,Sunset,0
Titan Esports Club,Bilibili Gaming,Sunset,1
Titan Esports Club,Bilibili Gaming,Bind,0
Titan Esports Club,Bilibili Gaming,Icebox,1
BBL Esports,Natus Vincere,Ascent,0
BBL Esports,Natus Vincere,Sunset,1
BBL Esports,Natus Vincere,Split,1
FNATIC,FUT Esports,Split,0
FNATIC,FUT Esports,Lotus,0
KRÜ Esports,LOUD,Split,1
KRÜ Esports,LOUD,Ascent,1
G2 Esports,LEVIATÁN,Breeze,0
G2 Esports,LEVIATÁN,Icebox,1
G2 Esports,LEVIATÁN,Lotus,0
Team Vitality,Gentle Mates,Icebox,0
Team Vitality,Gentle Mates,Sunset,0
Team Liquid,Team Heretics,Sunset,0
Team Liquid,Team Heretics,Bind,0
NRG Esports,MIBR,Split,1
NRG Esports,MIBR,Breeze,1
Sentinels,Evil Geniuses,Lotus,1
Sentinels,Evil Geniuses,Bind,0
Sentinels,Evil Geniuses,Sunset,0
Global Esports,Paper Rex,Sunset,0
Global Esports,Paper Rex,Icebox,0
Team Secret,DetonatioN FocusMe,Lotus,1
Team Secret,DetonatioN FocusMe,Breeze,0
Team Secret,DetonatioN FocusMe,Sunset,1
Cloud9,100 Thieves,Bind,0
Cloud9,100 Thieves,Ascent,0
G2 Esports,FURIA,Lotus,1
G2 Esports,FURIA,Icebox,1
T1,TALON,Lotus,0
T1,TALON,Bind,0
NRG Esports,LEVIATÁN,Sunset,0
NRG Esports,LEVIATÁN,Bind,0
KRÜ Esports,Evil Geniuses,Lotus,1
KRÜ Esports,Evil Geniuses,Breeze,1
EDward Gaming,Titan Esports Club,Ascent,1
EDward Gaming,Titan Esports Club,Sunset,1
Team Secret,Paper Rex,Icebox,1
Team Secret,Paper Rex,Sunset,1
TYLOO,Nova Esports,Icebox,0
TYLOO,Nova Esports,Ascent,1
TYLOO,Nova Esports,Split,1
Global Esports,Rex Regum Qeon,Lotus,1
Global Esports,Rex Regum Qeon,Icebox,1
Cloud9,LOUD,Bind,0
Cloud9,LOUD,Icebox,1
Cloud9,LOUD,Lotus,1
Sentinels,MIBR,Lotus,1
Sentinels,MIBR,Bind,1
Dragon Ranger Gaming,JDG Esports,Breeze,1
Dragon Ranger Gaming,JDG Esports,Icebox,0
Dragon Ranger Gaming,JDG Esports,Bind,1
Bilibili Gaming,All Gamers,Lotus,0
Bilibili Gaming,All Gamers,Bind,0
FNATIC,KOI,Bind,1
FNATIC,KOI,Icebox,1
Team Liquid,GIANTX,Lotus,0
Team Liquid,GIANTX,Icebox,1
Team Liquid,GIANTX,Ascent,1
Nova Esports,FunPlus Phoenix,Ascent,0
Nova Esports,FunPlus Phoenix,Lotus,0
Wolves Esports,Trace Esports,Ascent,0
Wolves Esports,Trace Esports,Lotus,0
Team Vitality,FUT Esports,Ascent,0
Team Vitality,FUT Esports,Icebox,1
Team Vitality,FUT Esports,Sunset,1
BBL Esports,Team Heretics,Split,1
BBL Esports,Team Heretics,Sunset,1
Karmine Corp,Natus Vincere,Bind,1
Karmine Corp,Natus Vincere,Sunset,0
Karmine Corp,Natus Vincere,Split,0
Gentle Mates,FNATIC,Breeze,0
Gentle Mates,FNATIC,Lotus,0
T1,Rex Regum Qeon,Ascent,1
T1,Rex Regum Qeon,Lotus,1
Cloud9,Evil Geniuses,Lotus,0
Cloud9,Evil Geniuses,Sunset,1
Cloud9,Evil Geniuses,Split,1
Global Esports,TALON,Icebox,1
Global Esports,TALON,Breeze,0
Global Esports,TALON,Lotus,0
NRG Esports,FURIA,Split,1
NRG Esports,FURIA,Breeze,1
KRÜ Esports,MIBR,Icebox,1
KRÜ Esports,MIBR,Sunset,1
TYLOO,EDward Gaming,Sunset,0
TYLOO,EDward Gaming,Bind,0
Dragon Ranger Gaming,Titan Esports Club,Breeze,0
Dragon Ranger Gaming,Titan Esports Club,Split,1
Dragon Ranger Gaming,Titan Esports Club,Icebox,1
Team Secret,ZETA DIVISION,Icebox,1
Team Secret,ZETA DIVISION,Lotus,0
Team Secret,ZETA DIVISION,Sunset,1
Sentinels,LEVIATÁN,Lotus,0
Sentinels,LEVIATÁN,Icebox,0
G2 Esports,100 Thieves,Bind,0
G2 Esports,100 Thieves,Split,0
Trace Esports,Bilibili Gaming,Split,0
Trace Esports,Bilibili Gaming,Breeze,1
Trace Esports,Bilibili Gaming,Bind,1
T1,DRX,Breeze,1
T1,DRX,Split,0
T1,DRX,Bind,0
All Gamers,Wolves Esports,Breeze,0
All Gamers,Wolves Esports,Icebox,0
Karmine Corp,Gentle Mates,Split,1
Karmine Corp,Gentle Mates,Icebox,1
FNATIC,GIANTX,Bind,1
FNATIC,GIANTX,Breeze,0
FNATIC,GIANTX,Split,1
FunPlus Phoenix,Dragon Ranger Gaming,Breeze,1
FunPlus Phoenix,Dragon Ranger Gaming,Icebox,0
FunPlus Phoenix,Dragon Ranger Gaming,Sunset,1
JDG Esports,Nova Esports,Sunset,1
JDG Esports,Nova Esports,Bind,0
JDG Esports,Nova Esports,Ascent,0
BBL Esports,KOI,Breeze,1
BBL Esports,KOI,Icebox,1
Team Liquid,Natus Vincere,Lotus,1
Team Liquid,Natus Vincere,Split,0
Team Liquid,Natus Vincere,Ascent,0
Team Vitality,Team Heretics,Breeze,1
Team Vitality,Team Heretics,Sunset,0
Team Vitality,Team Heretics,Icebox,1
Karmine Corp,FUT Esports,Bind,1
Karmine Corp,FUT Esports,Lotus,0
Karmine Corp,FUT Esports,Breeze,0
T1,DetonatioN FocusMe,Ascent,0
T1,DetonatioN FocusMe,Lotus,1
T1,DetonatioN FocusMe,Sunset,0
KRÜ Esports,FURIA,Lotus,1
KRÜ Esports,FURIA,Icebox,0
KRÜ Esports,FURIA,Breeze,1
Global Esports,DRX,Ascent,0
Global Esports,DRX,Lotus,0
Team Secret,Rex Regum Qeon,Breeze,0
Team Secret,Rex Regum Qeon,Split,1
Team Secret,Rex Regum Qeon,Icebox,0
Sentinels,100 Thieves,Icebox,1
Sentinels,100 Thieves,Split,1
G2 Esports,Evil Geniuses,Lotus,1
G2 Esports,Evil Geniuses,Icebox,1
T1,Paper Rex,Lotus,0
T1,Paper Rex,Bind,0
FunPlus Phoenix,Wolves Esports,Ascent,1
FunPlus Phoenix,Wolves Esports,Lotus,1
Nova Esports,Trace Esports,Lotus,0
Nova Esports,Trace Esports,Ascent,0
NRG Esports,LOUD,Breeze,1
NRG Esports,LOUD,Sunset,1
Cloud9,LEVIATÁN,Icebox,0
Cloud9,LEVIATÁN,Sunset,1
Cloud9,LEVIATÁN,Ascent,1
EDward Gaming,JDG Esports,Ascent,1
EDward Gaming,JDG Esports,Bind,0
EDward Gaming,JDG Esports,Split,1
Team Secret,DRX,Sunset,0
Team Secret,DRX,Lotus,0
Dragon Ranger Gaming,All Gamers,Icebox,1
Dragon Ranger Gaming,All Gamers,Sunset,0
Dragon Ranger Gaming,All Gamers,Breeze,0
Global Esports,ZETA DIVISION,Sunset,0
Global Esports,ZETA DIVISION,Icebox,1
Global Esports,ZETA DIVISION,Ascent,0
BBL Esports,Gentle Mates,Ascent,0
BBL Esports,Gentle Mates,Sunset,0
Team Liquid,FUT Esports,Split,0
Team Liquid,FUT Esports,Icebox,0
Wolves Esports,Titan Esports Club,Split,1
Wolves Esports,Titan Esports Club,Bind,0
Wolves Esports,Titan Esports Club,Lotus,0
Bilibili Gaming,TYLOO,Bind,0
Bilibili Gaming,TYLOO,Icebox,1
Bilibili Gaming,TYLOO,Lotus,1
FNATIC,Team Heretics,Icebox,0
FNATIC,Team Heretics,Lotus,0
Team Vitality,Natus Vincere,Bind,0
Team Vitality,Natus Vincere,Lotus,0
KOI,Team Liquid,Split,0
KOI,Team Liquid,Ascent,0
Karmine Corp,GIANTX,Breeze,1
Karmine Corp,GIANTX,Sunset,1
Sentinels,Paper Rex,Lotus,1
Sentinels,Paper Rex,Ascent,1
Sentinels,Paper Rex,Split,0
Sentinels,Paper Rex,Sunset,1
Paper Rex,LOUD,Ascent,1
Paper Rex,LOUD,Sunset,1
Sentinels,LOUD,Split,1
Sentinels,LOUD,Icebox,0
Sentinels,LOUD,Sunset,1
Karmine Corp,Paper Rex,Bind,0
Karmine Corp,Paper Rex,Lotus,1
Karmine Corp,Paper Rex,Ascent,0
LOUD,EDward Gaming,Icebox,1
LOUD,EDward Gaming,Sunset,1
Team Heretics,Paper Rex,Sunset,0
Team Heretics,Paper Rex,Lotus,1
Team Heretics,Paper Rex,Split,0
FunPlus Phoenix,LOUD,Sunset,0
FunPlus Phoenix,LOUD,Breeze,0
Sentinels,Karmine Corp,Split,1
Sentinels,Karmine Corp,Lotus,1
Sentinels,Team Heretics,Lotus,1
Sentinels,Team Heretics,Sunset,0
Sentinels,Team Heretics,Bind,1
EDward Gaming,Paper Rex,Sunset,0
EDward Gaming,Paper Rex,Bind,1
EDward Gaming,Paper Rex,Split,1
Karmine Corp,FunPlus Phoenix,Icebox,1
Karmine Corp,FunPlus Phoenix,Lotus,1
LOUD,Sentinels,Sunset,0
LOUD,Sentinels,Split,0
LOUD,Sentinels,Icebox,1
LOUD,Sentinels,Bind,1
LOUD,Sentinels,Lotus,0
NRG Esports,Sentinels,Sunset,0
NRG Esports,Sentinels,Ascent,1
NRG Esports,Sentinels,Split,0
Evil Geniuses,LOUD,Ascent,1
Evil Geniuses,LOUD,Icebox,0
Evil Geniuses,LOUD,Sunset,0
FunPlus Phoenix,EDward Gaming,Breeze,0
FunPlus Phoenix,EDward Gaming,Split,0
FunPlus Phoenix,EDward Gaming,Icebox,1
FunPlus Phoenix,EDward Gaming,Ascent,0
Team Heretics,Karmine Corp,Sunset,1
Team Heretics,Karmine Corp,Lotus,0
Team Heretics,Karmine Corp,Icebox,0
Team Heretics,Karmine Corp,Split,0
EDward Gaming,Trace Esports,Sunset,1
EDward Gaming,Trace Esports,Bind,1
FunPlus Phoenix,Dragon Ranger Gaming,Ascent,1
FunPlus Phoenix,Dragon Ranger Gaming,Breeze,1
FNATIC,Karmine Corp,Lotus,0
FNATIC,Karmine Corp,Split,0
Team Heretics,Natus Vincere,Sunset,1
Team Heretics,Natus Vincere,Breeze,1
Bilibili Gaming,Trace Esports,Lotus,1
Bilibili Gaming,Trace Esports,Sunset,0
Bilibili Gaming,Trace Esports,Bind,0
Bilibili Gaming,Titan Esports Club,Lotus,1
Bilibili Gaming,Titan Esports Club,Ascent,1
Trace Esports,Titan Esports Club,Breeze,0
Trace Esports,Titan Esports Club,Lotus,1
Trace Esports,Titan Esports Club,Split,1
Sentinels,G2 Esports,Sunset,1
Sentinels,G2 Esports,Breeze,0
Sentinels,G2 Esports,Split,0
G2 Esports,MIBR,Sunset,0
G2 Esports,MIBR,Split,1
G2 Esports,MIBR,Breeze,0
MIBR,Sentinels,Split,0
MIBR,Sentinels,Ascent,0
Karmine Corp,KOI,Sunset,1
Karmine Corp,KOI,Bind,1
KOI,Team Vitality,Sunset,0
KOI,Team Vitality,Breeze,0
Karmine Corp,Team Vitality,Sunset,1
Karmine Corp,Team Vitality,Ascent,1
Wolves Esports,Bilibili Gaming,Sunset,0
Wolves Esports,Bilibili Gaming,Icebox,0
Titan Esports Club,JDG Esports,Bind,0
Titan Esports Club,JDG Esports,Icebox,1
Titan Esports Club,JDG Esports,Lotus,1
Trace Esports,Nova Esports,Split,1
Trace Esports,Nova Esports,Lotus,1
G2 Esports,KRÜ Esports,Split,1
G2 Esports,KRÜ Esports,Sunset,1
LEVIATÁN,Sentinels,Split,0
LEVIATÁN,Sentinels,Breeze,1
LEVIATÁN,Sentinels,Bind,0
Cloud9,MIBR,Bind,0
Cloud9,MIBR,Ascent,0
Team Liquid,KOI,Sunset,0
Team Liquid,KOI,Icebox,1
Team Liquid,KOI,Split,0
Karmine Corp,FUT Esports,Lotus,1
Karmine Corp,FUT Esports,Bind,0
Karmine Corp,FUT Esports,Sunset,1
Wolves Esports,EDward Gaming,Bind,0
Wolves Esports,EDward Gaming,Ascent,1
Wolves Esports,EDward Gaming,Breeze,0
Team Vitality,Gentle Mates,Breeze,0
Team Vitality,Gentle Mates,Lotus,1
Team Vitality,Gentle Mates,Sunset,1
Titan Esports Club,Dragon Ranger Gaming,Icebox,0
Titan Esports Club,Dragon Ranger Gaming,Split,1
Titan Esports Club,Dragon Ranger Gaming,Bind,0
Trace Esports,FunPlus Phoenix,Sunset,0
Trace Esports,FunPlus Phoenix,Bind,1
Trace Esports,FunPlus Phoenix,Lotus,0
G2 Esports,Evil Geniuses,Sunset,0
G2 Esports,Evil Geniuses,Icebox,0
JDG Esports,All Gamers,Icebox,1
JDG Esports,All Gamers,Sunset,1
TYLOO,Nova Esports,Ascent,0
TYLOO,Nova Esports,Split,0
T1,Paper Rex,Split,0
T1,Paper Rex,Ascent,0
LOUD,LEVIATÁN,Bind,0
LOUD,LEVIATÁN,Split,1
LOUD,LEVIATÁN,Ascent,1
NRG Esports,Cloud9,Sunset,1
NRG Esports,Cloud9,Ascent,1
Team Vitality,FNATIC,Lotus,0
Team Vitality,FNATIC,Ascent,0
BBL Esports,KOI,Bind,0
BBL Esports,KOI,Split,0
Natus Vincere,Team Liquid,Split,1
Natus Vincere,Team Liquid,Breeze,1
Bilibili Gaming,Wolves Esports,Ascent,0
Bilibili Gaming,Wolves Esports,Icebox,0
Dragon Ranger Gaming,All Gamers,Sunset,1
Dragon Ranger Gaming,All Gamers,Ascent,1
JDG Esports,Titan Esports Club,Lotus,0
JDG Esports,Titan Esports Club,Bind,0
FUT Esports,GIANTX,Split,1
FUT Esports,GIANTX,Icebox,0
FUT Esports,GIANTX,Sunset,1
Team Heretics,Karmine Corp,Split,1
Team Heretics,Karmine Corp,Lotus,1
FunPlus Phoenix,Nova Esports,Lotus,1
FunPlus Phoenix,Nova Esports,Sunset,1
ZETA DIVISION,Team Secret,Icebox,0
ZETA DIVISION,Team Secret,Ascent,0
Trace Esports,TYLOO,Ascent,1
Trace Esports,TYLOO,Sunset,1
Team Vitality,Gentle Mates,Sunset,1
Team Vitality,Gentle Mates,Lotus,1
Team Liquid,KOI,Icebox,1
Team Liquid,KOI,Bind,1
Natus Vincere,BBL Esports,Bind,0
Natus Vincere,BBL Esports,Ascent,1
Natus Vincere,BBL Esports,Breeze,1
ZETA DIVISION,Global Esports,Bind,1
ZETA DIVISION,Global Esports,Lotus,1
TALON,Team Secret,Breeze,0
TALON,Team Secret,Ascent,0
GIANTX,Karmine Corp,Split,0
GIANTX,Karmine Corp,Sunset,1
GIANTX,Karmine Corp,Lotus,0
FUT Esports,Team Heretics,Lotus,0
FUT Esports,Team Heretics,Bind,0
DRX,TALON,Split,1
DRX,TALON,Ascent,1
DetonatioN FocusMe,Team Secret,Lotus,0
DetonatioN FocusMe,Team Secret,Breeze,0
Sentinels,100 Thieves,Lotus,1
Sentinels,100 Thieves,Bind,0
Sentinels,100 Thieves,Split,1
FURIA,MIBR,Split,0
FURIA,MIBR,Breeze,0
T1,ZETA DIVISION,Ascent,0
T1,ZETA DIVISION,Lotus,1
T1,ZETA DIVISION,Sunset,1
KRÜ Esports,G2 Esports,Icebox,1
KRÜ Esports,G2 Esports,Sunset,0
KRÜ Esports,G2 Esports,Ascent,0
DRX,DetonatioN FocusMe,Lotus,1
DRX,DetonatioN FocusMe,Breeze,1
Team Secret,TALON,Breeze,0
Team Secret,TALON,Ascent,0
ZETA DIVISION,Global Esports,Bind,1
ZETA DIVISION,Global Esports,Icebox,1
LEVIATÁN,100 Thieves,Bind,1
LEVIATÁN,100 Thieves,Split,0
LEVIATÁN,100 Thieves,Icebox,1
LOUD,Sentinels,Split,1
LOUD,Sentinels,Ascent,1
Cloud9,MIBR,Bind,1
Cloud9,MIBR,Split,0
Cloud9,MIBR,Lotus,1
NRG Esports,FURIA,Breeze,1
NRG Esports,FURIA,Ascent,1
Cloud9,100 Thieves,Lotus,0
Cloud9,100 Thieves,Sunset,1
Cloud9,100 Thieves,Icebox,1
Team Vitality,FUT Esports,Ascent,1
Team Vitality,FUT Esports,Sunset,0
Team Vitality,FUT Esports,Lotus,0
Team Vitality,FUT Esports,Haven,0
Global Esports,FURIA,Sunset,1
Global Esports,FURIA,Breeze,0
Global Esports,FURIA,Haven,1
FURIA,Team Vitality,Breeze,0
FURIA,Team Vitality,Lotus,0
Global Esports,Team Vitality,Sunset,0
Global Esports,Team Vitality,Breeze,0
Sentinels,Paper Rex,Split,1
Sentinels,Paper Rex,Sunset,1
Sentinels,Paper Rex,Breeze,1
T1,Paper Rex,Sunset,0
T1,Paper Rex,Lotus,0
Sentinels,Team Liquid,Split,1
Sentinels,Team Liquid,Haven,0
Sentinels,Team Liquid,Sunset,1
Team Liquid,EDward Gaming,Haven,1
Team Liquid,EDward Gaming,Lotus,1
Team Liquid,T1,Lotus,1
Team Liquid,T1,Breeze,0
Team Liquid,T1,Ascent,0
DRX,Paper Rex,Lotus,0
DRX,Paper Rex,Breeze,0
Sentinels,DRX,Bind,1
Sentinels,DRX,Split,1
T1,EDward Gaming,Bind,1
T1,EDward Gaming,Lotus,1
Sentinels,Paper Rex,Breeze,1
Sentinels,Paper Rex,Sunset,0
Sentinels,Paper Rex,Haven,1
EDward Gaming,FunPlus Phoenix,Haven,0
EDward Gaming,FunPlus Phoenix,Lotus,1
EDward Gaming,FunPlus Phoenix,Breeze,1
EDward Gaming,FunPlus Phoenix,Sunset,1
Trace Esports,FunPlus Phoenix,Lotus,1
Trace Esports,FunPlus Phoenix,Sunset,0
Trace Esports,FunPlus Phoenix,Split,0
Trace Esports,Titan Esports Club,Sunset,1
Trace Esports,Titan Esports Club,Haven,1
Dragon Ranger Gaming,FunPlus Phoenix,Lotus,0
Dragon Ranger Gaming,FunPlus Phoenix,Ascent,0
Bilibili Gaming,Titan Esports Club,Lotus,0
Bilibili Gaming,Titan Esports Club,Breeze,0
Trace Esports,FunPlus Phoenix,Lotus,0
Trace Esports,FunPlus Phoenix,Sunset,1
Trace Esports,FunPlus Phoenix,Ascent,1
Dragon Ranger Gaming,Titan Esports Club,Bind,1
Dragon Ranger Gaming,Titan Esports Club,Ascent,1
LEVIATÁN,FURIA,Haven,1
LEVIATÁN,FURIA,Split,1
LEVIATÁN,FURIA,Lotus,1
Cloud9,FURIA,Lotus,0
Cloud9,FURIA,Breeze,0
LEVIATÁN,Cloud9,Haven,1
LEVIATÁN,Cloud9,Split,1
KRÜ Esports,FURIA,Breeze,0
KRÜ Esports,FURIA,Sunset,0
FURIA,Cloud9,Breeze,1
FURIA,Cloud9,Sunset,0
FURIA,Cloud9,Ascent,0
KRÜ Esports,LEVIATÁN,Lotus,0
KRÜ Esports,LEVIATÁN,Breeze,0
FunPlus Phoenix,All Gamers,Sunset,1
FunPlus Phoenix,All Gamers,Lotus,1
Cloud9,FNATIC,Bind,0
Cloud9,FNATIC,Breeze,1
Cloud9,FNATIC,Ascent,1
Cloud9,FNATIC,Lotus,0
Cloud9,FNATIC,Haven,0
FNATIC,DRX,Breeze,1
FNATIC,DRX,Ascent,1
FUT Esports,Cloud9,Sunset,0
FUT Esports,Cloud9,Lotus,1
FUT Esports,Cloud9,Haven,0
DRX,100 Thieves,Lotus,1
DRX,100 Thieves,Ascent,1
Cloud9,ZETA DIVISION,Ascent,0
Cloud9,ZETA DIVISION,Bind,1
Cloud9,ZETA DIVISION,Lotus,1
Sentinels,G2 Esports,Sunset,1
Sentinels,G2 Esports,Haven,1
BBL Esports,FUT Esports,Ascent,1
BBL Esports,FUT Esports,Lotus,1
Trace Esports,EDward Gaming,Haven,0
Trace Esports,EDward Gaming,Sunset,0
Trace Esports,EDward Gaming,Sunset,1
Trace Esports,EDward Gaming,Lotus,1
G2 Esports,Sentinels,Sunset,0
G2 Esports,Sentinels,Bind,0
G2 Esports,Sentinels,Ascent,1
Bilibili Gaming,Trace Esports,Split,0
TYLOO,FunPlus Phoenix,Lotus,0
TYLOO,FunPlus Phoenix,Split,0
Bilibili Gaming,EDward Gaming,Breeze,0
Bilibili Gaming,EDward Gaming,Split,0
Bilibili Gaming,Trace Esports,Lotus,1
Bilibili Gaming,Trace Esports,Bind,0
Bilibili Gaming,Trace Esports,Breeze,1
TYLOO,Dragon Ranger Gaming,Ascent,1
TYLOO,Dragon Ranger Gaming,Split,1
Cloud9,DRX,Split,0
Cloud9,DRX,Ascent,1
Cloud9,DRX,Lotus,1
EDward Gaming,DRX,Lotus,1
EDward Gaming,DRX,Breeze,0
EDward Gaming,DRX,Split,0
EDward Gaming,FunPlus Phoenix,Lotus,1
EDward Gaming,FunPlus Phoenix,Sunset,1
Bilibili Gaming,Trace Esports,Lotus,0
Bilibili Gaming,Trace Esports,Ascent,0
FunPlus Phoenix,Bilibili Gaming,Haven,1
FunPlus Phoenix,Bilibili Gaming,Bind,0
FunPlus Phoenix,Bilibili Gaming,Sunset,1
TYLOO,Trace Esports,Split,0
TYLOO,Trace Esports,Lotus,0
EDward Gaming,Trace Esports,Sunset,1
EDward Gaming,Trace Esports,Lotus,1
Trace Esports,Nova Esports,Bind,1
Trace Esports,Nova Esports,Sunset,1
Paper Rex,Evil Geniuses,Split,0
Paper Rex,Evil Geniuses,Ascent,1
Paper Rex,Evil Geniuses,Bind,0
Paper Rex,Evil Geniuses,Lotus,0
Evil Geniuses,LOUD,Ascent,1
Evil Geniuses,LOUD,Lotus,1
Evil Geniuses,LOUD,Pearl,0
Evil Geniuses,LOUD,Split,0
Evil Geniuses,LOUD,Bind,1
FNATIC,LOUD,Split,0
FNATIC,LOUD,Ascent,1
FNATIC,LOUD,Haven,0
Paper Rex,Evil Geniuses,Ascent,0
Paper Rex,Evil Geniuses,Bind,1
Paper Rex,Evil Geniuses,Pearl,1
DRX,FNATIC,Bind,1
DRX,FNATIC,Haven,0
DRX,FNATIC,Split,0
LOUD,EDward Gaming,Bind,0
LOUD,EDward Gaming,Ascent,1
LOUD,EDward Gaming,Haven,1
DRX,Evil Geniuses,Fracture,0
DRX,Evil Geniuses,Lotus,0
LOUD,Paper Rex,Lotus,0
LOUD,Paper Rex,Split,1
LOUD,Paper Rex,Pearl,0
Bilibili Gaming,EDward Gaming,Bind,0
Bilibili Gaming,EDward Gaming,Split,1
Bilibili Gaming,EDward Gaming,Haven,0
FNATIC,FUT Esports,Split,1
FNATIC,FUT Esports,Haven,1
Evil Geniuses,EDward Gaming,Split,0
Evil Geniuses,EDward Gaming,Ascent,1
Evil Geniuses,EDward Gaming,Pearl,1
DRX,Bilibili Gaming,Lotus,1
DRX,Bilibili Gaming,Haven,1
Paper Rex,FUT Esports,Ascent,1
Paper Rex,FUT Esports,Pearl,1
FNATIC,LOUD,Ascent,0
FNATIC,LOUD,Lotus,0
Bilibili Gaming,NRG Esports,Bind,1
Bilibili Gaming,NRG Esports,Ascent,1
FUT Esports,T1,Bind,1
FUT Esports,T1,Pearl,1
Natus Vincere,LOUD,Pearl,1
Natus Vincere,LOUD,Ascent,0
Natus Vincere,LOUD,Bind,0
ZETA DIVISION,NRG Esports,Bind,0
ZETA DIVISION,NRG Esports,Haven,0
Paper Rex,EDward Gaming,Fracture,1
Paper Rex,EDward Gaming,Pearl,1
FunPlus Phoenix,T1,Lotus,0
FunPlus Phoenix,T1,Bind,0
Team Liquid,LOUD,Haven,0
Team Liquid,LOUD,Split,0
FNATIC,Bilibili Gaming,Haven,1
FNATIC,Bilibili Gaming,Lotus,1
Paper Rex,KRÜ Esports,Split,1
Paper Rex,KRÜ Esports,Pearl,1
Evil Geniuses,FUT Esports,Pearl,1
Evil Geniuses,FUT Esports,Bind,1
FNATIC,ZETA DIVISION,Fracture,1
FNATIC,ZETA DIVISION,Haven,1
NRG Esports,Bilibili Gaming,Lotus,0
NRG Esports,Bilibili Gaming,Split,0
Natus Vincere,DRX,Bind,0
Natus Vincere,DRX,Split,1
Natus Vincere,DRX,Lotus,0
Evil Geniuses,FunPlus Phoenix,Ascent,1
Evil Geniuses,FunPlus Phoenix,Pearl,1
FUT Esports,T1,Pearl,1
FUT Esports,T1,Haven,1
DRX,LOUD,Lotus,0
DRX,LOUD,Split,1
DRX,LOUD,Ascent,1
Team Liquid,Natus Vincere,Fracture,0
Team Liquid,Natus Vincere,Bind,0
KRÜ Esports,LEVIATÁN,Split,1
KRÜ Esports,LEVIATÁN,Pearl,0
KRÜ Esports,LEVIATÁN,Ascent,1
KRÜ Esports,LEVIATÁN,Lotus,1
ZETA DIVISION,Team Secret,Fracture,1
ZETA DIVISION,Team Secret,Ascent,0
ZETA DIVISION,Team Secret,Split,1
ZETA DIVISION,Team Secret,Lotus,1
Cloud9,LEVIATÁN,Lotus,1
Cloud9,LEVIATÁN,Pearl,1
Cloud9,LEVIATÁN,Split,0
Cloud9,LEVIATÁN,Haven,0
Cloud9,LEVIATÁN,Bind,0
KOI,Natus Vincere,Split,0
KOI,Natus Vincere,Pearl,0
KOI,Natus Vincere,Fracture,0
Natus Vincere,Karmine Corp,Lotus,1
Natus Vincere,Karmine Corp,Ascent,0
Natus Vincere,Karmine Corp,Pearl,1
ZETA DIVISION,Team Secret,Lotus,1
ZETA DIVISION,Team Secret,Fracture,1
Natus Vincere,KOI,Split,0
Natus Vincere,KOI,Lotus,0
ZETA DIVISION,Rex Regum Qeon,Haven,0
ZETA DIVISION,Rex Regum Qeon,Split,1
ZETA DIVISION,Rex Regum Qeon,Ascent,1
BBL Esports,Karmine Corp,Haven,1
BBL Esports,Karmine Corp,Lotus,0
BBL Esports,Karmine Corp,Bind,0
Team Heretics,KOI,Fracture,0
Team Heretics,KOI,Pearl,1
Team Heretics,KOI,Haven,0
Rex Regum Qeon,Global Esports,Split,1
Rex Regum Qeon,Global Esports,Ascent,1
Sentinels,LEVIATÁN,Fracture,0
Sentinels,LEVIATÁN,Split,0
Cloud9,KRÜ Esports,Ascent,1
Cloud9,KRÜ Esports,Pearl,0
Cloud9,KRÜ Esports,Haven,0
TALON,DetonatioN FocusMe,Fracture,1
TALON,DetonatioN FocusMe,Ascent,1
LEVIATÁN,KRÜ Esports,Split,0
LEVIATÁN,KRÜ Esports,Lotus,0
Cloud9,Sentinels,Pearl,1
Cloud9,Sentinels,Fracture,0
Cloud9,Sentinels,Split,1
Sentinels,100 Thieves,Pearl,0
Sentinels,100 Thieves,Split,1
Sentinels,100 Thieves,Bind,1
FURIA,KRÜ Esports,Split,1
FURIA,KRÜ Esports,Ascent,0
FURIA,KRÜ Esports,Bind,0
Apeks,Gentle Mates,Haven,0
Apeks,Gentle Mates,Ascent,0
Apeks,Gentle Mates,Pearl,0
EDward Gaming,Bilibili Gaming,Split,1
EDward Gaming,Bilibili Gaming,Fracture,1
EDward Gaming,Bilibili Gaming,Bind,0
EDward Gaming,Bilibili Gaming,Haven,1
MIBR,KRÜ Esports,Bind,0
MIBR,KRÜ Esports,Lotus,0
Bilibili Gaming,FunPlus Phoenix,Lotus,0
Bilibili Gaming,FunPlus Phoenix,Bind,1
Bilibili Gaming,FunPlus Phoenix,Pearl,0
Bilibili Gaming,FunPlus Phoenix,Split,1
Bilibili Gaming,FunPlus Phoenix,Ascent,1
TYLOO,FunPlus Phoenix,Pearl,0
TYLOO,FunPlus Phoenix,Bind,1
TYLOO,FunPlus Phoenix,Ascent,0
TYLOO,FunPlus Phoenix,Fracture,0
Bilibili Gaming,EDward Gaming,Pearl,0
Bilibili Gaming,EDward Gaming,Bind,0
Bilibili Gaming,EDward Gaming,Split,0
Trace Esports,FunPlus Phoenix,Lotus,0
Trace Esports,FunPlus Phoenix,Split,1
Trace Esports,FunPlus Phoenix,Ascent,0
TYLOO,EDward Gaming,Split,0
TYLOO,EDward Gaming,Haven,0
TYLOO,EDward Gaming,Bind,0
Trace Esports,Bilibili Gaming,Haven,0
Trace Esports,Bilibili Gaming,Lotus,0
Trace Esports,Bilibili Gaming,Split,0
FunPlus Phoenix,TYLOO,Fracture,0
FunPlus Phoenix,TYLOO,Bind,0
Gentle Mates,Apeks,Haven,0
Gentle Mates,Apeks,Ascent,0
FNATIC,Evil Geniuses,Lotus,1
FNATIC,Evil Geniuses,Split,1
FNATIC,Evil Geniuses,Bind,1
Evil Geniuses,Paper Rex,Fracture,1
Evil Geniuses,Paper Rex,Lotus,0
Evil Geniuses,Paper Rex,Split,0
Evil Geniuses,Paper Rex,Pearl,1
Evil Geniuses,Paper Rex,Ascent,1
NRG Esports,Paper Rex,Pearl,0
NRG Esports,Paper Rex,Lotus,1
NRG Esports,Paper Rex,Bind,0
FNATIC,Evil Geniuses,Lotus,1
FNATIC,Evil Geniuses,Fracture,0
FNATIC,Evil Geniuses,Split,1
Paper Rex,EDward Gaming,Fracture,1
Paper Rex,EDward Gaming,Split,0
Paper Rex,EDward Gaming,Lotus,1
Team Liquid,NRG Esports,Haven,0
Team Liquid,NRG Esports,Ascent,1
Team Liquid,NRG Esports,Split,0
Paper Rex,FNATIC,Lotus,0
Paper Rex,FNATIC,Bind,0
Team Liquid,Evil Geniuses,Fracture,0
Team Liquid,Evil Geniuses,Haven,0
DRX,NRG Esports,Pearl,0
DRX,NRG Esports,Haven,0
EDward Gaming,LOUD,Lotus,1
EDward Gaming,LOUD,Fracture,1
Paper Rex,DRX,Split,1
Paper Rex,DRX,Bind,1
FNATIC,NRG Esports,Fracture,1
FNATIC,NRG Esports,Bind,1
Team Liquid,EDward Gaming,Haven,1
Team Liquid,EDward Gaming,Split,0
Team Liquid,EDward Gaming,Lotus,1
LOUD,Evil Geniuses,Fracture,0
LOUD,Evil Geniuses,Ascent,0
T1,EDward Gaming,Fracture,0
T1,EDward Gaming,Haven,0
DRX,FUT Esports,Bind,0
DRX,FUT Esports,Fracture,1
DRX,FUT Esports,Haven,1
Natus Vincere,EDward Gaming,Pearl,0
Natus Vincere,EDward Gaming,Bind,0
NRG Esports,T1,Lotus,0
NRG Esports,T1,Bind,1
NRG Esports,T1,Pearl,1
DRX,Evil Geniuses,Fracture,0
DRX,Evil Geniuses,Ascent,0
NRG Esports,Natus Vincere,Ascent,1
NRG Esports,Natus Vincere,Lotus,0
NRG Esports,Natus Vincere,Split,1
EDward Gaming,T1,Fracture,0
EDward Gaming,T1,Haven,1
EDward Gaming,T1,Pearl,0
FUT Esports,Evil Geniuses,Split,0
FUT Esports,Evil Geniuses,Lotus,0
Dragon Ranger Gaming,TYLOO,Bind,0
Dragon Ranger Gaming,TYLOO,Ascent,0
Nova Esports,TYLOO,Split,0
Nova Esports,TYLOO,Bind,0
LOUD,NRG Esports,Ascent,1
LOUD,NRG Esports,Bind,1
LOUD,NRG Esports,Fracture,1
FNATIC,Team Liquid,Lotus,1
FNATIC,Team Liquid,Ascent,0
FNATIC,Team Liquid,Haven,0
FNATIC,Team Liquid,Fracture,0
Paper Rex,DRX,Fracture,0
Paper Rex,DRX,Ascent,0
Paper Rex,DRX,Pearl,1
Paper Rex,DRX,Bind,1
Paper Rex,DRX,Lotus,1
Evil Geniuses,NRG Esports,Haven,1
Evil Geniuses,NRG Esports,Ascent,0
Evil Geniuses,NRG Esports,Lotus,0
Evil Geniuses,NRG Esports,Split,0
Team Liquid,FUT Esports,Ascent,1
Team Liquid,FUT Esports,Lotus,1
Team Liquid,FUT Esports,Split,1
DRX,T1,Ascent,0
DRX,T1,Fracture,1
DRX,T1,Haven,1
DRX,T1,Bind,0
DRX,T1,Pearl,1
Cloud9,NRG Esports,Pearl,1
Cloud9,NRG Esports,Lotus,0
Cloud9,NRG Esports,Haven,0
LOUD,Evil Geniuses,Fracture,1
LOUD,Evil Geniuses,Ascent,0
LOUD,Evil Geniuses,Bind,1
Natus Vincere,FUT Esports,Lotus,0
Natus Vincere,FUT Esports,Fracture,0
FNATIC,Team Liquid,Lotus,1
FNATIC,Team Liquid,Bind,1
Cloud9,LEVIATÁN,Haven,1
Cloud9,LEVIATÁN,Lotus,0
Cloud9,LEVIATÁN,Ascent,1
FURIA,NRG Esports,Bind,0
FURIA,NRG Esports,Haven,0
FUT Esports,Team Vitality,Split,1
FUT Esports,Team Vitality,Haven,0
FUT Esports,Team Vitality,Lotus,1
Cloud9,Evil Geniuses,Fracture,0
Cloud9,Evil Geniuses,Bind,0
LOUD,FURIA,Haven,1
LOUD,FURIA,Ascent,1
Natus Vincere,Team Liquid,Bind,0
Natus Vincere,Team Liquid,Split,0
FNATIC,FUT Esports,Bind,0
FNATIC,FUT Esports,Split,1
FNATIC,FUT Esports,Lotus,1
NRG Esports,Evil Geniuses,Haven,1
NRG Esports,Evil Geniuses,Split,0
NRG Esports,Evil Geniuses,Ascent,0
LEVIATÁN,FURIA,Ascent,0
LEVIATÁN,FURIA,Pearl,1
LEVIATÁN,FURIA,Bind,0
Team Liquid,Team Vitality,Lotus,0
Team Liquid,Team Vitality,Bind,1
Team Liquid,Team Vitality,Ascent,1
DRX,Paper Rex,Fracture,0
DRX,Paper Rex,Bind,0
T1,ZETA DIVISION,Haven,1
T1,ZETA DIVISION,Bind,0
T1,ZETA DIVISION,Fracture,1
Bilibili Gaming,EDward Gaming,Haven,0
Bilibili Gaming,EDward Gaming,Bind,0
Bilibili Gaming,EDward Gaming,Ascent,0
MIBR,100 Thieves,Fracture,1
MIBR,100 Thieves,Pearl,0
MIBR,100 Thieves,Lotus,1
Paper Rex,T1,Lotus,1
Paper Rex,T1,Fracture,1
DRX,Team Secret,Haven,0
DRX,Team Secret,Split,1
DRX,Team Secret,Bind,1
LEVIATÁN,LOUD,Haven,0
LEVIATÁN,LOUD,Ascent,0
BBL Esports,FUT Esports,Pearl,0
BBL Esports,FUT Esports,Haven,0
Cloud9,KRÜ Esports,Lotus,1
Cloud9,KRÜ Esports,Ascent,0
Cloud9,KRÜ Esports,Split,1
KOI,Team Liquid,Fracture,0
KOI,Team Liquid,Split,1
KOI,Team Liquid,Lotus,0
EDward Gaming,FunPlus Phoenix,Bind,1
EDward Gaming,FunPlus Phoenix,Fracture,1
ZETA DIVISION,Team Secret,Ascent,0
NRG Esports,Evil Geniuses,Bind,1
NRG Esports,Evil Geniuses,Split,1
Sentinels,FURIA,Split,1
Sentinels,FURIA,Haven,0
Sentinels,FURIA,Bind,1
Team Heretics,Team Vitality,Haven,0
Team Heretics,Team Vitality,Lotus,0
Bilibili Gaming,FunPlus Phoenix,Pearl,1
Bilibili Gaming,FunPlus Phoenix,Ascent,1
FNATIC,Natus Vincere,Lotus,1
FNATIC,Natus Vincere,Split,1
EDward Gaming,Dragon Ranger Gaming,Pearl,1
EDward Gaming,Dragon Ranger Gaming,Fracture,1
Rex Regum Qeon,Paper Rex,Bind,0
Rex Regum Qeon,Paper Rex,Pearl,0
TALON,DetonatioN FocusMe,Lotus,1
TALON,DetonatioN FocusMe,Bind,1
LEVIATÁN,Cloud9,Lotus,0
LEVIATÁN,Cloud9,Haven,0
Team Secret,Global Esports,Haven,1
Team Secret,Global Esports,Lotus,1
T1,DRX,Bind,0
T1,DRX,Pearl,0
NRG Esports,LOUD,Split,1
NRG Esports,LOUD,Pearl,1
KRÜ Esports,Sentinels,Lotus,0
KRÜ Esports,Sentinels,Bind,0
TALON,Rex Regum Qeon,Split,1
TALON,Rex Regum Qeon,Ascent,0
TALON,Rex Regum Qeon,Haven,0
Evil Geniuses,MIBR,Lotus,1
Evil Geniuses,MIBR,Fracture,1
FURIA,100 Thieves,Pearl,1
FURIA,100 Thieves,Fracture,0
FURIA,100 Thieves,Haven,0
Global Esports,DetonatioN FocusMe,Lotus,1
Global Esports,DetonatioN FocusMe,Pearl,1
Team Secret,DRX,Haven,1
Team Secret,DRX,Ascent,1
KOI,Team Heretics,Fracture,1
KOI,Team Heretics,Lotus,0
KOI,Team Heretics,Ascent,1
BBL Esports,Team Liquid,Split,0
BBL Esports,Team Liquid,Ascent,1
BBL Esports,Team Liquid,Bind,0
ZETA DIVISION,T1,Fracture,0
ZETA DIVISION,T1,Lotus,1
ZETA DIVISION,T1,Bind,0
Karmine Corp,FNATIC,Haven,0
Karmine Corp,FNATIC,Lotus,0
FUT Esports,Natus Vincere,Pearl,0
KOI,FNATIC,Lotus,0
KOI,FNATIC,Ascent,0
NRG Esports,FURIA,Bind,1
NRG Esports,FURIA,Haven,0
NRG Esports,FURIA,Pearl,1
DRX,DetonatioN FocusMe,Fracture,1
DRX,DetonatioN FocusMe,Ascent,1
LEVIATÁN,KRÜ Esports,Haven,1
LEVIATÁN,KRÜ Esports,Split,1
LOUD,100 Thieves,Ascent,1
LOUD,100 Thieves,Split,1
Team Secret,T1,Lotus,0
Team Secret,T1,Bind,0
Rex Regum Qeon,Global Esports,Fracture,1
Rex Regum Qeon,Global Esports,Pearl,1
Cloud9,MIBR,Split,1
Cloud9,MIBR,Lotus,1
Evil Geniuses,Sentinels,Fracture,1
Evil Geniuses,Sentinels,Pearl,1
ZETA DIVISION,Paper Rex,Split,0
ZETA DIVISION,Paper Rex,Ascent,0
Natus Vincere,Team Liquid,Fracture,1
Natus Vincere,Team Liquid,Bind,1
KOI,BBL Esports,Pearl,1
KOI,BBL Esports,Ascent,0
KOI,BBL Esports,Bind,0
FUT Esports,Karmine Corp,Haven,1
FUT Esports,Karmine Corp,Ascent,1
Team Vitality,FNATIC,Haven,0
Team Vitality,FNATIC,Bind,0
LOUD,KRÜ Esports,Pearl,0
LOUD,KRÜ Esports,Ascent,1
LOUD,KRÜ Esports,Split,1
TALON,Paper Rex,Pearl,1
TALON,Paper Rex,Split,0
TALON,Paper Rex,Fracture,0
LEVIATÁN,Evil Geniuses,Split,0
LEVIATÁN,Evil Geniuses,Pearl,1
LEVIATÁN,Evil Geniuses,Ascent,0
Cloud9,Sentinels,Lotus,1
Cloud9,Sentinels,Fracture,1
Rex Regum Qeon,DRX,Haven,1
Rex Regum Qeon,DRX,Split,0
Rex Regum Qeon,DRX,Pearl,0
MIBR,FURIA,Pearl,0
MIBR,FURIA,Split,0
NRG Esports,100 Thieves,Bind,1
NRG Esports,100 Thieves,Fracture,1
ZETA DIVISION,Team Secret,Split,1
ZETA DIVISION,Team Secret,Lotus,0
ZETA DIVISION,Team Secret,Fracture,1
T1,DetonatioN FocusMe,Lotus,1
T1,DetonatioN FocusMe,Split,0
T1,DetonatioN FocusMe,Fracture,1
Team Vitality,Natus Vincere,Split,0
Team Vitality,Natus Vincere,Fracture,0
FUT Esports,FNATIC,Icebox,0
FUT Esports,FNATIC,Lotus,0
KOI,Karmine Corp,Lotus,0
KOI,Karmine Corp,Ascent,1
KOI,Karmine Corp,Haven,0
BBL Esports,Team Heretics,Haven,1
BBL Esports,Team Heretics,Lotus,0
BBL Esports,Team Heretics,Icebox,1
NRG Esports,KRÜ Esports,Haven,1
NRG Esports,KRÜ Esports,Ascent,1
Cloud9,FURIA,Ascent,1
Cloud9,FURIA,Fracture,1
Evil Geniuses,LOUD,Split,1
Evil Geniuses,LOUD,Haven,0
Evil Geniuses,LOUD,Pearl,0
LEVIATÁN,100 Thieves,Icebox,1
LEVIATÁN,100 Thieves,Haven,0
LEVIATÁN,100 Thieves,Lotus,0
ZETA DIVISION,TALON,Haven,0
ZETA DIVISION,TALON,Ascent,0
MIBR,Sentinels,Pearl,0
MIBR,Sentinels,Fracture,0
NRG Esports,Cloud9,Haven,1
NRG Esports,Cloud9,Pearl,0
NRG Esports,Cloud9,Ascent,0
Team Secret,DetonatioN FocusMe,Ascent,1
Team Secret,DetonatioN FocusMe,Haven,1
T1,Rex Regum Qeon,Haven,1
T1,Rex Regum Qeon,Fracture,1
Evil Geniuses,FURIA,Ascent,0
Evil Geniuses,FURIA,Fracture,1
Evil Geniuses,FURIA,Haven,0
KRÜ Esports,100 Thieves,Ascent,1
KRÜ Esports,100 Thieves,Split,0
KRÜ Esports,100 Thieves,Fracture,0
Paper Rex,Global Esports,Icebox,0
Paper Rex,Global Esports,Split,1
Paper Rex,Global Esports,Pearl,1
LEVIATÁN,MIBR,Pearl,1
LEVIATÁN,MIBR,Icebox,1
LOUD,Sentinels,Pearl,0
LOUD,Sentinels,Haven,1
LOUD,Sentinels,Ascent,1
BBL Esports,Team Vitality,Ascent,1
BBL Esports,Team Vitality,Haven,1
Karmine Corp,Natus Vincere,Ascent,0
Karmine Corp,Natus Vincere,Lotus,0
Team Heretics,Team Liquid,Split,0
Team Heretics,Team Liquid,Fracture,0
TYLOO,Nova Esports,Ascent,1
TYLOO,Nova Esports,Split,0
TYLOO,Nova Esports,Haven,1
LOUD,FURIA,Split,1
LOUD,FURIA,Icebox,1
TALON,Global Esports,Split,0
TALON,Global Esports,Icebox,0
Evil Geniuses,KRÜ Esports,Pearl,1
Evil Geniuses,KRÜ Esports,Ascent,0
Evil Geniuses,KRÜ Esports,Fracture,1
LEVIATÁN,Sentinels,Split,1
LEVIATÁN,Sentinels,Ascent,0
LEVIATÁN,Sentinels,Pearl,1
ZETA DIVISION,DetonatioN FocusMe,Ascent,1
ZETA DIVISION,DetonatioN FocusMe,Haven,1
NRG Esports,MIBR,Icebox,0
NRG Esports,MIBR,Pearl,1
NRG Esports,MIBR,Split,0
Cloud9,100 Thieves,Lotus,1
Cloud9,100 Thieves,Ascent,1
Team Secret,Rex Regum Qeon,Icebox,0
Team Secret,Rex Regum Qeon,Split,0
Paper Rex,DRX,Ascent,0
Paper Rex,DRX,Split,0
Team Vitality,Karmine Corp,Ascent,1
Team Vitality,Karmine Corp,Split,1
Team Liquid,FNATIC,Lotus,0
Team Liquid,FNATIC,Haven,0
KOI,FUT Esports,Ascent,0
FunPlus Phoenix,Dragon Ranger Gaming,Pearl,1
FunPlus Phoenix,Dragon Ranger Gaming,Lotus,1
Natus Vincere,Team Heretics,Pearl,1
Natus Vincere,Team Heretics,Lotus,0
Natus Vincere,Team Heretics,Ascent,1
EDward Gaming,FunPlus Phoenix,Lotus,1
EDward Gaming,FunPlus Phoenix,Ascent,0
EDward Gaming,FunPlus Phoenix,Pearl,1
Evil Geniuses,100 Thieves,Haven,0
Evil Geniuses,100 Thieves,Icebox,0
MIBR,KRÜ Esports,Ascent,0
MIBR,KRÜ Esports,Lotus,1
MIBR,KRÜ Esports,Pearl,1
NRG Esports,Sentinels,Lotus,1
NRG Esports,Sentinels,Icebox,1
TALON,DRX,Split,0
TALON,DRX,Pearl,0
ZETA DIVISION,Global Esports,Pearl,0
ZETA DIVISION,Global Esports,Ascent,1
ZETA DIVISION,Global Esports,Haven,1
LEVIATÁN,FURIA,Pearl,1
LEVIATÁN,FURIA,Icebox,0
LEVIATÁN,FURIA,Ascent,0
Cloud9,LOUD,Split,1
Cloud9,LOUD,Ascent,0
Cloud9,LOUD,Pearl,0
T1,Paper Rex,Pearl,0
T1,Paper Rex,Fracture,0
Rex Regum Qeon,DetonatioN FocusMe,Haven,1
Rex Regum Qeon,DetonatioN FocusMe,Pearl,1
Team Liquid,Karmine Corp,Ascent,1
Team Liquid,Karmine Corp,Split,1
FNATIC,Team Heretics,Icebox,1
FNATIC,Team Heretics,Ascent,1
Natus Vincere,BBL Esports,Ascent,1
Natus Vincere,BBL Esports,Fracture,1
Team Vitality,FUT Esports,Lotus,0
Team Vitality,FUT Esports,Haven,0
LEVIATÁN,NRG Esports,Pearl,1
LEVIATÁN,NRG Esports,Lotus,1
Global Esports,DRX,Haven,0
Global Esports,DRX,Split,0
Evil Geniuses,Cloud9,Pearl,0
Evil Geniuses,Cloud9,Fracture,0
LOUD,MIBR,Split,1
LOUD,MIBR,Lotus,0
LOUD,MIBR,Haven,1
Bilibili Gaming,TYLOO,Lotus,1
Bilibili Gaming,TYLOO,Haven,1
Team Secret,Paper Rex,Haven,0
Team Secret,Paper Rex,Fracture,1
Team Secret,Paper Rex,Split,1
KRÜ Esports,FURIA,Split,0
KRÜ Esports,FURIA,Ascent,0
Sentinels,100 Thieves,Fracture,1
Sentinels,100 Thieves,Split,0
Sentinels,100 Thieves,Ascent,1
TALON,T1,Ascent,0
TALON,T1,Haven,0
ZETA DIVISION,Rex Regum Qeon,Haven,0
ZETA DIVISION,Rex Regum Qeon,Ascent,1
ZETA DIVISION,Rex Regum Qeon,Lotus,1
Team Heretics,Karmine Corp,Icebox,1
Team Heretics,Karmine Corp,Split,1
FNATIC,BBL Esports,Ascent,0
FNATIC,BBL Esports,Haven,1
FNATIC,BBL Esports,Split,1
Dragon Ranger Gaming,EDward Gaming,Haven,0
Dragon Ranger Gaming,EDward Gaming,Icebox,1
Dragon Ranger Gaming,EDward Gaming,Ascent,0
KOI,Team Vitality,Split,0
KOI,Team Vitality,Fracture,0
Team Liquid,FUT Esports,Lotus,0
Team Liquid,FUT Esports,Split,1
Team Liquid,FUT Esports,Ascent,1
Karmine Corp,BBL Esports,Icebox,1
Karmine Corp,BBL Esports,Split,1
EDward Gaming,TYLOO,Ascent,1
EDward Gaming,TYLOO,Lotus,1
Team Liquid,Team Vitality,Haven,0
Team Liquid,Team Vitality,Fracture,1
Team Liquid,Team Vitality,Lotus,0
Team Heretics,FUT Esports,Pearl,0
Team Heretics,FUT Esports,Lotus,0
KOI,Natus Vincere,Ascent,1
KOI,Natus Vincere,Lotus,1
Team Secret,TALON,Ascent,1
Team Secret,TALON,Icebox,0
Team Secret,TALON,Fracture,1
Paper Rex,DetonatioN FocusMe,Pearl,1
Paper Rex,DetonatioN FocusMe,Lotus,1
Dragon Ranger Gaming,Bilibili Gaming,Ascent,1
Dragon Ranger Gaming,Bilibili Gaming,Lotus,0
Dragon Ranger Gaming,Bilibili Gaming,Haven,1
T1,Global Esports,Pearl,1
T1,Global Esports,Haven,0
T1,Global Esports,Lotus,1
ZETA DIVISION,DRX,Ascent,0
ZETA DIVISION,DRX,Pearl,0
Bilibili Gaming,EDward Gaming,Lotus,0
Bilibili Gaming,EDward Gaming,Haven,0
Dragon Ranger Gaming,TYLOO,Haven,0
Dragon Ranger Gaming,TYLOO,Ascent,0
LOUD,FNATIC,Ascent,0
LOUD,FNATIC,Fracture,0
LOUD,FNATIC,Split,1
LOUD,FNATIC,Lotus,1
LOUD,FNATIC,Icebox,0
Natus Vincere,FNATIC,Haven,0
Natus Vincere,FNATIC,Lotus,0
Natus Vincere,FNATIC,Fracture,0
LOUD,DRX,Pearl,1
LOUD,DRX,Icebox,1
LOUD,DRX,Split,0
LOUD,DRX,Fracture,0
LOUD,DRX,Ascent,1
100 Thieves,FNATIC,Fracture,0
100 Thieves,FNATIC,Icebox,0
Natus Vincere,LEVIATÁN,Ascent,1
Natus Vincere,LEVIATÁN,Fracture,1
FNATIC,FURIA,Haven,1
FNATIC,FURIA,Ascent,1
FUT Esports,100 Thieves,Lotus,1
FUT Esports,100 Thieves,Haven,0
FUT Esports,100 Thieves,Icebox,0
LEVIATÁN,Team Vitality,Haven,1
LEVIATÁN,Team Vitality,Pearl,1
Team Secret,Natus Vincere,Icebox,0
Team Secret,Natus Vincere,Pearl,0
T1,FURIA,Icebox,0
Sentinels,FNATIC,Haven,0
Sentinels,FNATIC,Split,0
TYLOO,Bilibili Gaming,Icebox,0
TYLOO,Bilibili Gaming,Haven,1
TYLOO,Bilibili Gaming,Ascent,1
100 Thieves,EDward Gaming,Icebox,1
100 Thieves,EDward Gaming,Lotus,0
100 Thieves,EDward Gaming,Pearl,1
FUT Esports,Rex Regum Qeon,Lotus,1
FUT Esports,Rex Regum Qeon,Pearl,1
Team Vitality,Global Esports,Split,1
Team Vitality,Global Esports,Pearl,0
Team Vitality,Global Esports,Lotus,1
ZETA DIVISION,LEVIATÁN,Ascent,0
ZETA DIVISION,LEVIATÁN,Pearl,0
Natus Vincere,KRÜ Esports,Ascent,1
Natus Vincere,KRÜ Esports,Lotus,1
Team Liquid,Team Secret,Icebox,0
Team Liquid,Team Secret,Fracture,0
DRX,TALON,Fracture,0
DRX,TALON,Ascent,1
DRX,TALON,Icebox,1
NRG Esports,LOUD,Split,0
NRG Esports,LOUD,Pearl,1
NRG Esports,LOUD,Fracture,0
Evil Geniuses,TALON,Haven,0
Evil Geniuses,TALON,Split,0
DRX,Cloud9,Pearl,0
DRX,Cloud9,Haven,1
DRX,Cloud9,Icebox,1
LOUD,Karmine Corp,Pearl,1
LOUD,Karmine Corp,Split,1
MIBR,TALON,Haven,0
MIBR,TALON,Fracture,0
Team Heretics,Evil Geniuses,Pearl,0
Team Heretics,Evil Geniuses,Ascent,0
Cloud9,Paper Rex,Lotus,1
Cloud9,Paper Rex,Pearl,1
BBL Esports,DRX,Pearl,0
BBL Esports,DRX,Ascent,1
BBL Esports,DRX,Haven,0
FunPlus Phoenix,Karmine Corp,Lotus,0
FunPlus Phoenix,Karmine Corp,Haven,1
FunPlus Phoenix,Karmine Corp,Pearl,0
KOI,NRG Esports,Icebox,0
KOI,NRG Esports,Haven,0
100 Thieves,Cloud9,Bind,1
100 Thieves,Cloud9,Fracture,1
100 Thieves,Cloud9,Icebox,1
Cloud9,KRÜ Esports,Bind,1
Cloud9,KRÜ Esports,Haven,1
100 Thieves,Team Vitality,Pearl,1
100 Thieves,Team Vitality,Fracture,1
Team Liquid,KRÜ Esports,Bind,0
Team Liquid,KRÜ Esports,Ascent,0
Team Vitality,Team Heretics,Haven,1
Team Vitality,Team Heretics,Pearl,1
Team Vitality,Cloud9,Fracture,0
Team Vitality,Cloud9,Haven,0
Team Heretics,Team Liquid,Icebox,0
Team Heretics,Team Liquid,Ascent,0
100 Thieves,FUT Esports,Haven,1
100 Thieves,FUT Esports,Bind,1
Team Liquid,100 Thieves,Haven,0
Team Liquid,100 Thieves,Ascent,1
Team Liquid,100 Thieves,Breeze,0
KRÜ Esports,Cloud9,Ascent,0
Team Heretics,FUT Esports,Bind,1
Team Heretics,FUT Esports,Ascent,1
Team Liquid,FUT Esports,Bind,1
Team Liquid,FUT Esports,Icebox,1
Team Vitality,KRÜ Esports,Haven,1
Team Vitality,KRÜ Esports,Pearl,1
100 Thieves,Team Heretics,Ascent,0
100 Thieves,Team Heretics,Haven,1
100 Thieves,Team Heretics,Fracture,1
LEVIATÁN,MIBR,Haven,0
LEVIATÁN,MIBR,Fracture,1
LEVIATÁN,MIBR,Ascent,1
LEVIATÁN,MIBR,Breeze,1
MIBR,LEVIATÁN,Haven,0
MIBR,LEVIATÁN,Breeze,1
MIBR,LEVIATÁN,Ascent,0
Natus Vincere,Team Vitality,Pearl,1
Natus Vincere,Team Vitality,Breeze,1
DRX,TALON,Icebox,1
DRX,TALON,Ascent,1
DRX,TALON,Haven,1
TALON,ZETA DIVISION,Icebox,1
TALON,ZETA DIVISION,Ascent,1
Team Heretics,Paper Rex,Bind,0
Team Heretics,Paper Rex,Fracture,1
Team Heretics,Paper Rex,Breeze,0
Team Heretics,Paper Rex,Ascent,0
Paper Rex,Team Secret,Pearl,1
Paper Rex,Team Secret,Icebox,0
Paper Rex,Team Secret,Ascent,1
Team Heretics,KOI,Ascent,1
Team Heretics,KOI,Icebox,1
Team Heretics,KOI,Haven,1
KRÜ Esports,KOI,Icebox,0
KRÜ Esports,KOI,Ascent,0
LEVIATÁN,KOI,Haven,0
LEVIATÁN,KOI,Bind,1
LEVIATÁN,KOI,Ascent,1
Team Secret,DRX,Haven,0
Team Secret,DRX,Ascent,0
KOI,Team Heretics,Bind,1
KOI,Team Heretics,Breeze,1
FunPlus Phoenix,DRX,Icebox,0
FunPlus Phoenix,DRX,Haven,0
DRX,FNATIC,Icebox,0
DRX,FNATIC,Ascent,1
DRX,FNATIC,Fracture,1
DRX,LOUD,Breeze,0
DRX,LOUD,Haven,0
Team Liquid,FNATIC,Bind,0
Team Liquid,FNATIC,Haven,0
FunPlus Phoenix,LEVIATÁN,Icebox,1
FunPlus Phoenix,LEVIATÁN,Ascent,1
DRX,FunPlus Phoenix,Ascent,1
DRX,FunPlus Phoenix,Breeze,1
LEVIATÁN,LOUD,Icebox,0
LEVIATÁN,LOUD,Haven,0
100 Thieves,FNATIC,Bind,0
100 Thieves,FNATIC,Ascent,0
FunPlus Phoenix,KRÜ Esports,Icebox,1
FunPlus Phoenix,KRÜ Esports,Ascent,1
LOUD,ZETA DIVISION,Bind,1
LOUD,ZETA DIVISION,Ascent,1
Paper Rex,Team Liquid,Haven,0
Paper Rex,Team Liquid,Pearl,1
Paper Rex,Team Liquid,Ascent,0
FURIA,FNATIC,Icebox,1
FURIA,FNATIC,Breeze,0
FURIA,FNATIC,Haven,0
EDward Gaming,Team Liquid,Bind,0
EDward Gaming,Team Liquid,Breeze,0
BOOM Esports,ZETA DIVISION,Haven,1
BOOM Esports,ZETA DIVISION,Pearl,0
BOOM Esports,ZETA DIVISION,Fracture,0
DRX,100 Thieves,Breeze,1
DRX,100 Thieves,Fracture,1
FunPlus Phoenix,KRÜ Esports,Icebox,1
FunPlus Phoenix,KRÜ Esports,Bind,1
FNATIC,100 Thieves,Pearl,0
FNATIC,100 Thieves,Bind,1
FNATIC,100 Thieves,Haven,0
DRX,FURIA,Ascent,1
DRX,FURIA,Haven,1
Paper Rex,LEVIATÁN,Haven,0
Paper Rex,LEVIATÁN,Bind,0
ZETA DIVISION,LOUD,Ascent,0
ZETA DIVISION,LOUD,Fracture,0
LEVIATÁN,Team Liquid,Haven,1
LEVIATÁN,Team Liquid,Ascent,1
Paper Rex,EDward Gaming,Pearl,1
Paper Rex,EDward Gaming,Icebox,0
Paper Rex,EDward Gaming,Haven,1
FURIA,KRÜ Esports,Breeze,0
FURIA,KRÜ Esports,Ascent,0
FURIA,KRÜ Esports,Icebox,0
Team Liquid,G2 Esports,Bind,0
Team Liquid,G2 Esports,Icebox,1
Team Liquid,G2 Esports,Haven,1
100 Thieves,Cloud9,Ascent,1
100 Thieves,Cloud9,Fracture,1
Cloud9,NRG Esports,Breeze,1
Cloud9,NRG Esports,Icebox,1
100 Thieves,Sentinels,Fracture,0
100 Thieves,Sentinels,Breeze,1
100 Thieves,Sentinels,Haven,1
Natus Vincere,G2 Esports,Bind,0
Natus Vincere,G2 Esports,Haven,0
Team Liquid,Natus Vincere,Breeze,1
Team Liquid,Natus Vincere,Fracture,1
Team Liquid,BBL Esports,Ascent,1
Team Liquid,BBL Esports,Icebox,1
Evil Geniuses,NRG Esports,Bind,0
Evil Geniuses,NRG Esports,Icebox,0
NRG Esports,100 Thieves,Icebox,1
NRG Esports,100 Thieves,Bind,0
NRG Esports,100 Thieves,Ascent,0
Team Vitality,FUT Esports,Breeze,1
Team Vitality,FUT Esports,Bind,1
Team Vitality,FUT Esports,Ascent,0
Team Vitality,FUT Esports,Icebox,0
Team Vitality,FUT Esports,Split,0
FUT Esports,Team Vitality,Haven,0
FUT Esports,Team Vitality,Ascent,0
Paper Rex,FunPlus Phoenix,Bind,0
Paper Rex,FunPlus Phoenix,Icebox,1
Paper Rex,FunPlus Phoenix,Fracture,0
Paper Rex,FunPlus Phoenix,Haven,1
Paper Rex,FunPlus Phoenix,Breeze,0
FunPlus Phoenix,FNATIC,Split,0
FunPlus Phoenix,FNATIC,Bind,1
FunPlus Phoenix,FNATIC,Fracture,1
DRX,FunPlus Phoenix,Ascent,0
DRX,FunPlus Phoenix,Fracture,0
FNATIC,LEVIATÁN,Fracture,1
FNATIC,LEVIATÁN,Ascent,0
FNATIC,LEVIATÁN,Bind,1
Paper Rex,FNATIC,Ascent,1
Paper Rex,FNATIC,Bind,1
LEVIATÁN,DRX,Ascent,1
LEVIATÁN,DRX,Breeze,0
LEVIATÁN,DRX,Haven,0
FNATIC,FunPlus Phoenix,Icebox,1
FNATIC,FunPlus Phoenix,Haven,1
FunPlus Phoenix,DRX,Haven,1
FunPlus Phoenix,DRX,Fracture,0
FunPlus Phoenix,DRX,Breeze,0
LOUD,KRÜ Esports,Fracture,1
LOUD,KRÜ Esports,Haven,0
LOUD,KRÜ Esports,Icebox,0
Team Vitality,Karmine Corp,Icebox,1
Team Vitality,Karmine Corp,Haven,0
Team Vitality,Karmine Corp,Ascent,1
Team Vitality,Karmine Corp,Bind,0
Team Vitality,Karmine Corp,Breeze,1
EDward Gaming,TYLOO,Ascent,1
EDward Gaming,TYLOO,Bind,1
KRÜ Esports,LEVIATÁN,Haven,0
KRÜ Esports,LEVIATÁN,Ascent,0
KRÜ Esports,LEVIATÁN,Split,0
FNATIC,FunPlus Phoenix,Split,1
FNATIC,FunPlus Phoenix,Icebox,1
FNATIC,FunPlus Phoenix,Haven,1
Paper Rex,Team Secret,Ascent,1
Paper Rex,Team Secret,Bind,1
Evil Geniuses,NRG Esports,Bind,1
Evil Geniuses,NRG Esports,Ascent,0
Evil Geniuses,NRG Esports,Split,0
FNATIC,FunPlus Phoenix,Icebox,1
FNATIC,FunPlus Phoenix,Ascent,0
FNATIC,FunPlus Phoenix,Fracture,1
Team Liquid,FunPlus Phoenix,Split,0
Team Liquid,FunPlus Phoenix,Icebox,1
Team Liquid,FunPlus Phoenix,Haven,0
Rex Regum Qeon,Global Esports,Split,1
Rex Regum Qeon,Global Esports,Ascent,0
Rex Regum Qeon,Global Esports,Haven,1
Paper Rex,BOOM Esports,Haven,1
Paper Rex,BOOM Esports,Fracture,1
Cloud9,Sentinels,Haven,1
Cloud9,Sentinels,Ascent,1
FNATIC,G2 Esports,Icebox,1
FNATIC,G2 Esports,Split,0
FNATIC,G2 Esports,Bind,1
KRÜ Esports,LEVIATÁN,Bind,1
KRÜ Esports,LEVIATÁN,Haven,1
NRG Esports,100 Thieves,Icebox,0
NRG Esports,100 Thieves,Bind,0
Natus Vincere,Team Liquid,Haven,0
Natus Vincere,Team Liquid,Bind,1
Natus Vincere,Team Liquid,Split,0
LEVIATÁN,KRÜ Esports,Haven,1
LEVIATÁN,KRÜ Esports,Breeze,0
LEVIATÁN,KRÜ Esports,Ascent,0
Team Secret,Rex Regum Qeon,Ascent,1
Team Secret,Rex Regum Qeon,Split,1
EDward Gaming,TYLOO,Ascent,1
EDward Gaming,TYLOO,Split,1
Evil Geniuses,Sentinels,Ascent,1
Evil Geniuses,Sentinels,Icebox,1
FunPlus Phoenix,G2 Esports,Fracture,1
FunPlus Phoenix,G2 Esports,Ascent,1
BBL Esports,Team Liquid,Fracture,0
BBL Esports,Team Liquid,Split,0
Cloud9,Evil Geniuses,Icebox,1
Cloud9,Evil Geniuses,Fracture,1
LOUD,FURIA,Ascent,1
LOUD,FURIA,Breeze,1
FNATIC,FunPlus Phoenix,Fracture,1
FNATIC,FunPlus Phoenix,Ascent,0
FNATIC,FunPlus Phoenix,Icebox,1
Team Secret,Rex Regum Qeon,Bind,1
Team Secret,Rex Regum Qeon,Split,0
Team Secret,Rex Regum Qeon,Ascent,1
BBL Esports,Natus Vincere,Ascent,0
BBL Esports,Natus Vincere,Icebox,1
BBL Esports,Natus Vincere,Fracture,1
Team Secret,Rex Regum Qeon,Icebox,0
Team Secret,Rex Regum Qeon,Haven,1
Team Secret,Rex Regum Qeon,Split,0
Evil Geniuses,100 Thieves,Bind,0
Evil Geniuses,100 Thieves,Split,0
ZETA DIVISION,Paper Rex,Icebox,0
ZETA DIVISION,Paper Rex,Haven,1
ZETA DIVISION,Paper Rex,Split,1
G2 Esports,Paper Rex,Split,0
G2 Esports,Paper Rex,Bind,0
DRX,ZETA DIVISION,Icebox,0
DRX,ZETA DIVISION,Ascent,1
DRX,ZETA DIVISION,Split,0
G2 Esports,LOUD,Ascent,0
G2 Esports,LOUD,Breeze,0
ZETA DIVISION,Team Liquid,Fracture,1
ZETA DIVISION,Team Liquid,Haven,0
ZETA DIVISION,Team Liquid,Split,1
Paper Rex,DRX,Haven,1
Paper Rex,DRX,Bind,0
Paper Rex,DRX,Ascent,0
LOUD,Team Liquid,Icebox,1
LOUD,Team Liquid,Haven,0
LOUD,Team Liquid,Ascent,1
G2 Esports,ZETA DIVISION,Split,1
G2 Esports,ZETA DIVISION,Bind,1
FNATIC,ZETA DIVISION,Fracture,0
FNATIC,ZETA DIVISION,Icebox,0
KRÜ Esports,Team Liquid,Fracture,0
KRÜ Esports,Team Liquid,Ascent,0
DRX,ZETA DIVISION,Icebox,1
DRX,ZETA DIVISION,Haven,1
LEVIATÁN,KRÜ Esports,Breeze,0
LEVIATÁN,KRÜ Esports,Haven,1
LEVIATÁN,KRÜ Esports,Ascent,1
LEVIATÁN,KRÜ Esports,Fracture,0
LEVIATÁN,KRÜ Esports,Split,0
FunPlus Phoenix,G2 Esports,Icebox,1
FunPlus Phoenix,G2 Esports,Breeze,0
FunPlus Phoenix,G2 Esports,Ascent,1
FunPlus Phoenix,G2 Esports,Split,1
FNATIC,G2 Esports,Breeze,0
FNATIC,G2 Esports,Icebox,0
FNATIC,G2 Esports,Ascent,0
Team Liquid,G2 Esports,Icebox,0
Team Liquid,G2 Esports,Split,0
FNATIC,FunPlus Phoenix,Split,0
FNATIC,FunPlus Phoenix,Haven,0
FunPlus Phoenix,Team Liquid,Split,1
FunPlus Phoenix,Team Liquid,Haven,1
G2 Esports,Team Liquid,Split,0
G2 Esports,Team Liquid,Icebox,1
G2 Esports,Team Liquid,Haven,0
Natus Vincere,FunPlus Phoenix,Ascent,1
Natus Vincere,FunPlus Phoenix,Breeze,0
Natus Vincere,FunPlus Phoenix,Icebox,0
100 Thieves,Evil Geniuses,Breeze,1
100 Thieves,Evil Geniuses,Haven,1
LEVIATÁN,KRÜ Esports,Ascent,1
LEVIATÁN,KRÜ Esports,Breeze,1
FunPlus Phoenix,Team Liquid,Ascent,1
FunPlus Phoenix,Team Liquid,Haven,1
G2 Esports,BBL Esports,Icebox,1
G2 Esports,BBL Esports,Split,1
KRÜ Esports,LEVIATÁN,Split,1
KRÜ Esports,LEVIATÁN,Bind,1
EDward Gaming,TYLOO,Split,1
EDward Gaming,TYLOO,Ascent,1
Cloud9,Evil Geniuses,Haven,1
Cloud9,Evil Geniuses,Breeze,0
Cloud9,Evil Geniuses,Ascent,1
Natus Vincere,Team Liquid,Haven,0
Natus Vincere,Team Liquid,Bind,1
Natus Vincere,Team Liquid,Split,0
BBL Esports,FNATIC,Icebox,0
BBL Esports,FNATIC,Ascent,0
Sentinels,NRG Esports,Fracture,0
Sentinels,NRG Esports,Haven,1
Sentinels,NRG Esports,Bind,1
Cloud9,100 Thieves,Split,1
Cloud9,100 Thieves,Breeze,1
G2 Esports,FNATIC,Icebox,0
G2 Esports,FNATIC,Ascent,1
G2 Esports,FNATIC,Split,0
T1,Evil Geniuses,Split,1
T1,Evil Geniuses,Bind,0
T1,Evil Geniuses,Haven,1
Cloud9,NRG Esports,Icebox,1
Cloud9,NRG Esports,Bind,0
Cloud9,NRG Esports,Breeze,1
FUT Esports,BBL Esports,Ascent,0
FUT Esports,BBL Esports,Haven,0
FUT Esports,BBL Esports,Bind,1
FUT Esports,BBL Esports,Split,0
BBL Esports,FUT Esports,Icebox,0
BBL Esports,FUT Esports,Split,0
Natus Vincere,FunPlus Phoenix,Bind,1
Natus Vincere,FunPlus Phoenix,Icebox,1
Natus Vincere,FunPlus Phoenix,Breeze,0
Natus Vincere,FunPlus Phoenix,Haven,0
Natus Vincere,FunPlus Phoenix,Split,0
G2 Esports,Team Vitality,Fracture,0
G2 Esports,Team Vitality,Haven,0
Team Vitality,KOI,Icebox,1
Team Vitality,KOI,Ascent,1
FNATIC,KRÜ Esports,Haven,0
FNATIC,KRÜ Esports,Icebox,1
FNATIC,KRÜ Esports,Split,0
Team Liquid,Cloud9,Bind,1
Team Liquid,Cloud9,Ascent,1
Sentinels,KRÜ Esports,Fracture,1
Sentinels,KRÜ Esports,Haven,0
Sentinels,KRÜ Esports,Split,0
KRÜ Esports,FURIA,Fracture,0
KRÜ Esports,FURIA,Ascent,1
KRÜ Esports,FURIA,Haven,1
Team Liquid,Sentinels,Breeze,1
Team Liquid,Sentinels,Bind,0
Team Liquid,Sentinels,Split,1
KRÜ Esports,Team Liquid,Haven,0
KRÜ Esports,Team Liquid,Ascent,0
Sentinels,FURIA,Ascent,1
Sentinels,FURIA,Breeze,0
Sentinels,FURIA,Haven,1
FNATIC,Cloud9,Icebox,1
FNATIC,Cloud9,Split,0
FNATIC,Cloud9,Fracture,1
BOOM Esports,Paper Rex,Icebox,1
BOOM Esports,Paper Rex,Ascent,1
Team Liquid,FNATIC,Split,1
Team Liquid,FNATIC,Icebox,1
100 Thieves,Cloud9,Icebox,1
100 Thieves,Cloud9,Breeze,0
100 Thieves,Cloud9,Haven,0
G2 Esports,Team Liquid,Ascent,0
G2 Esports,Team Liquid,Bind,1
G2 Esports,Team Liquid,Haven,0
G2 Esports,FUT Esports,Ascent,1
G2 Esports,FUT Esports,Breeze,1
G2 Esports,FUT Esports,Icebox,0
Paper Rex,Global Esports,Icebox,1
Paper Rex,Global Esports,Split,1
G2 Esports,KRÜ Esports,Haven,1
G2 Esports,KRÜ Esports,Icebox,1
G2 Esports,Sentinels,Icebox,1
G2 Esports,Sentinels,Split,1
Sentinels,G2 Esports,Split,1
Sentinels,G2 Esports,Icebox,0
Sentinels,G2 Esports,Haven,1
KRÜ Esports,ZETA DIVISION,Ascent,1
KRÜ Esports,ZETA DIVISION,Split,0
KRÜ Esports,ZETA DIVISION,Bind,1
NRG Esports,Cloud9,Haven,0
NRG Esports,Cloud9,Breeze,0
NRG Esports,Cloud9,Split,1
NRG Esports,Cloud9,Icebox,0
Cloud9,Evil Geniuses,Split,0
Cloud9,Evil Geniuses,Ascent,1
Cloud9,Evil Geniuses,Icebox,1
BOOM Esports,Paper Rex,Bind,0
BOOM Esports,Paper Rex,Icebox,0
NRG Esports,Evil Geniuses,Icebox,0
NRG Esports,Evil Geniuses,Bind,1
NRG Esports,Evil Geniuses,Haven,1
Sentinels,100 Thieves,Bind,1
Sentinels,100 Thieves,Breeze,0
Sentinels,100 Thieves,Haven,1
Sentinels,100 Thieves,Split,1
Sentinels,100 Thieves,Split,1
Sentinels,100 Thieves,Haven,1
Natus Vincere,Team Liquid,Icebox,1
Natus Vincere,Team Liquid,Bind,0
Natus Vincere,Team Liquid,Split,1
BOOM Esports,Rex Regum Qeon,Breeze,1
BOOM Esports,Rex Regum Qeon,Icebox,1
BOOM Esports,Rex Regum Qeon,Split,1
EDward Gaming,All Gamers,Bind,1
EDward Gaming,All Gamers,Split,1
BOOM Esports,Rex Regum Qeon,Icebox,1
BOOM Esports,Rex Regum Qeon,Haven,1
Team Liquid,FNATIC,Haven,1
Team Liquid,FNATIC,Ascent,0
Team Liquid,FNATIC,Breeze,1
Team Liquid,FNATIC,Split,0
Team Liquid,FNATIC,Bind,1
Team Heretics,Team Vitality,Breeze,0
Team Heretics,Team Vitality,Icebox,0
100 Thieves,Sentinels,Haven,0
100 Thieves,Sentinels,Breeze,0
FunPlus Phoenix,G2 Esports,Bind,0
FunPlus Phoenix,G2 Esports,Icebox,1
FunPlus Phoenix,G2 Esports,Haven,0
FNATIC,G2 Esports,Icebox,0
FNATIC,G2 Esports,Haven,0
FunPlus Phoenix,Team Liquid,Haven,1
FunPlus Phoenix,Team Liquid,Ascent,1
G2 Esports,FunPlus Phoenix,Icebox,0
G2 Esports,FunPlus Phoenix,Ascent,0
BBL Esports,FUT Esports,Ascent,1
BBL Esports,FUT Esports,Icebox,0
BBL Esports,FUT Esports,Split,0
Team Liquid,FNATIC,Breeze,0
Team Liquid,FNATIC,Bind,1
Team Liquid,FNATIC,Haven,0
Sentinels,Evil Geniuses,Icebox,1
Sentinels,Evil Geniuses,Haven,1
FunPlus Phoenix,Team Vitality,Bind,1
FunPlus Phoenix,Team Vitality,Icebox,1
G2 Esports,FNATIC,Bind,1
G2 Esports,FNATIC,Haven,1
Team Vitality,G2 Esports,Breeze,1
Team Vitality,G2 Esports,Icebox,0
Team Vitality,G2 Esports,Ascent,0
BOOM Esports,Paper Rex,Bind,1
BOOM Esports,Paper Rex,Icebox,1
Sentinels,FNATIC,Split,1
Sentinels,FNATIC,Bind,1
Sentinels,FNATIC,Haven,1
FNATIC,Team Liquid,Bind,1
FNATIC,Team Liquid,Ascent,1
Team Liquid,KRÜ Esports,Split,1
Team Liquid,KRÜ Esports,Ascent,1
Sentinels,FNATIC,Icebox,1
Sentinels,FNATIC,Haven,1
FNATIC,KRÜ Esports,Haven,1
FNATIC,KRÜ Esports,Icebox,1
Team Liquid,FNATIC,Haven,0
Team Liquid,FNATIC,Icebox,1
Team Liquid,FNATIC,Ascent,1
Team Liquid,FNATIC,Bind,0
Team Liquid,FNATIC,Split,1
Sentinels,Cloud9,Haven,1
Sentinels,Cloud9,Split,0
Sentinels,Cloud9,Icebox,1
100 Thieves,Sentinels,Haven,0
100 Thieves,Sentinels,Icebox,1
100 Thieves,Sentinels,Bind,0
Cloud9,NRG Esports,Haven,1
Cloud9,NRG Esports,Ascent,1
FunPlus Phoenix,Team Liquid,Haven,0
FunPlus Phoenix,Team Liquid,Bind,0
Cloud9,Sentinels,Bind,0
Cloud9,Sentinels,Haven,0
Cloud9,Sentinels,Split,0
NRG Esports,Sentinels,Split,0
NRG Esports,Sentinels,Ascent,0
Cloud9,NRG Esports,Haven,1
Cloud9,NRG Esports,Icebox,1
BBL Esports,Team Liquid,Haven,1
BBL Esports,Team Liquid,Ascent,0
BBL Esports,Team Liquid,Bind,0
T1,Sentinels,Haven,1
T1,Sentinels,Split,0
T1,Sentinels,Icebox,0
Cloud9,T1,Haven,1
Cloud9,T1,Icebox,1
FNATIC,Team Liquid,Icebox,1
FNATIC,Team Liquid,Ascent,0
FNATIC,Team Liquid,Bind,1
FNATIC,Team Liquid,Split,1
Team Vitality,FNATIC,Haven,0
Team Vitality,FNATIC,Icebox,0
G2 Esports,FNATIC,Bind,0
G2 Esports,FNATIC,Ascent,0
G2 Esports,Team Vitality,Icebox,0
G2 Esports,Team Vitality,Ascent,1
G2 Esports,Team Vitality,Split,1
G2 Esports,Team Heretics,Split,1
G2 Esports,Team Heretics,Icebox,1
100 Thieves,Cloud9,Icebox,1
100 Thieves,Cloud9,Ascent,1
FunPlus Phoenix,Team Vitality,Split,1
FunPlus Phoenix,Team Vitality,Haven,1
Team Vitality,G2 Esports,Icebox,1
Team Vitality,G2 Esports,Ascent,0
Team Vitality,G2 Esports,Split,1
BBL Esports,FUT Esports,Bind,0
BBL Esports,FUT Esports,Split,0
BBL Esports,FUT Esports,Ascent,0
FUT Esports,BBL Esports,Ascent,1
FUT Esports,BBL Esports,Haven,1
Sentinels,100 Thieves,Ascent,1
Sentinels,100 Thieves,Haven,1
100 Thieves,T1,Haven,1
100 Thieves,T1,Icebox,0
100 Thieves,T1,Ascent,1
100 Thieves,NRG Esports,Haven,1
100 Thieves,NRG Esports,Bind,0
100 Thieves,NRG Esports,Ascent,0
T1,Cloud9,Icebox,1
T1,Cloud9,Ascent,1
Sentinels,100 Thieves,Ascent,1
Sentinels,100 Thieves,Haven,1
FunPlus Phoenix,FNATIC,Bind,0
FunPlus Phoenix,FNATIC,Split,1
FunPlus Phoenix,FNATIC,Haven,1
Team Liquid,FunPlus Phoenix,Haven,0
Team Liquid,FunPlus Phoenix,Split,0
G2 Esports,Team Liquid,Icebox,0
G2 Esports,Team Liquid,Split,1
G2 Esports,Team Liquid,Haven,0
G2 Esports,Team Liquid,Bind,1
G2 Esports,Team Liquid,Ascent,1
Sentinels,NRG Esports,Haven,1
Sentinels,NRG Esports,Icebox,0
Sentinels,NRG Esports,Split,0
100 Thieves,Sentinels,Haven,0
100 Thieves,Sentinels,Ascent,1
100 Thieves,Sentinels,Icebox,0
BBL Esports,FUT Esports,Haven,1
BBL Esports,FUT Esports,Split,1
BBL Esports,FUT Esports,TBD,0
100 Thieves,Sentinels,Icebox,1
100 Thieves,Sentinels,Haven,0
100 Thieves,Sentinels,Bind,1
Team Heretics,G2 Esports,Ascent,1
Team Heretics,G2 Esports,Bind,0
Team Heretics,G2 Esports,Split,1
BBL Esports,FUT Esports,Bind,1
BBL Esports,FUT Esports,Ascent,1
100 Thieves,T1,Haven,1
100 Thieves,T1,Bind,1
Team Liquid,Team Heretics,Split,0
Team Liquid,Team Heretics,Ascent,1
Team Liquid,Team Heretics,Bind,0
